multa_id,patente,fecha,hora,velocidad_registrada,velocidad_maxima,ubicacion,radar_id,estado_multa,exceso_velocidad_real,exceso_velocidad,imagen,patente_imagen,ratio,evidencia_visual
3,WU 341 A,2022-07-17,09:01,107.0,60,AV LIBERTADOR,R03,PAGADA,47.0,44.0,,,0.0,False
5,BX 55 DOG,2021-01-21,00:00,94.0,60,AV SIEMPRE VIVA,,ERROR,34.0,31.0,,,0.0,False
8,BP717,2023-01-11,08:01,70.0,60,AV SIEMPRE VIVA,R01,PAGADA,10.0,7.0,,,0.0,False
10,OUTSTDN,1932-01-01,14:01,71.0,40,AV LIBERTADOR,R02,APELADA,31.0,29.0,/content/urban_flow_gem/urban_flow/data/raw/imgs/1ca1155083156d72_patente.jpg,OUTSTDN,1.0,True
13,GE 1466,2020-08-12,18:01,75.0,40,AV LIBERTADOR,,IMPAGA,35.0,33.0,/content/urban_flow_gem/urban_flow/data/raw/imgs/a3ad91fabd188be3_patente.jpg,GE14669,0.9231,True
17,57 777 70,2020-01-29,09:02,93.0,40,AV SIEMPRE VIVA,R02,APELADA,53.0,51.0,/content/urban_flow_gem/urban_flow/data/raw/imgs/7f56adf4b9306ac9_patente.jpg,5777770,1.0,True
21,BHRP 770,1932-01-01,08:01,71.0,60,RUTA 9,R03,PAGADA,11.0,8.0,/content/urban_flow_gem/urban_flow/data/raw/imgs/321ffb38656f7311_patente.jpg,BHRP770,1.0,True
22,RFH 373,2020-10-15,09:02,121.0,80,AV LIBERTADOR,R01,IMPAGA,41.0,37.0,,,0.0,False
24,X IIUME,2021-06-12,08:01,52.0,40,AV SIEMPRE VIVA,R03,IMPAGA,12.0,10.0,,,0.0,False
26,HF 58 HXP,2022-11-20,14:01,62.0,40,RUTA 9,,APELADA,22.0,20.0,/content/urban_flow_gem/urban_flow/data/raw/imgs/9a795bbf4e94d630.jpg,HFS8HXP,0.8571,True
31,M43 1ZW,1932-01-01,14:01,123.0,60,RUTA 9,R03,PAGADA,63.0,60.0,,,0.0,False
35,GE 1466,2020-11-22,08:02,67.0,40,AV LIBERTADOR,R03,ERROR,27.0,25.0,,,0.0,False
36,J1S1,1932-01-01,18:01,85.0,40,AV LIBERTADOR,,APELADA,45.0,43.0,,,0.0,False
40,VTII AHV,2023-04-30,09:03,71.0,60,AV LIBERTADOR,R03,APELADA,11.0,8.0,/content/urban_flow_gem/urban_flow/data/raw/imgs/0e50ea14c4fc1353_patente.jpg,BTIIAHV,0.8571,True
41,66 111 72,2022-02-26,08:02,109.0,60,AV LIBERTADOR,R02,PAGADA,49.0,46.0,/content/urban_flow_gem/urban_flow/data/raw/imgs/7a1f9520c7ecd5b1_patente.jpg,B6G11172,0.8,True
44,GCP332,2024-01-26,14:02,106.0,40,AV LIBERTADOR,,IMPAGA,66.0,64.0,,,0.0,False
47,W326 AVE,2020-05-28,00:00,70.0,60,RUTA 9,R01,IMPAGA,10.0,7.0,/content/urban_flow_gem/urban_flow/data/raw/imgs/6c144e47161867c2_patente.jpg,W326AVE,1.0,True
49,810 TCH,2022-03-03,09:04,156.0,80,AV LIBERTADOR,R02,ERROR,76.0,72.0,,,0.0,False
50,GCP332,2023-12-08,08:02,66.0,40,AV SIEMPRE VIVA,R02,APELADA,26.0,24.0,,,0.0,False
51,BB 8986,2023-04-18,08:03,90.0,80,RUTA 9,R02,IMPAGA,10.0,6.0,,,0.0,False
53,HF 58 HXP,1932-01-01,09:04,50.0,40,AV SIEMPRE VIVA,R02,PAGADA,10.0,8.0,,,0.0,False
55,99 998 68,2020-02-09,00:00,57.0,40,AV SIEMPRE VIVA,R01,ERROR,17.0,15.0,,,0.0,False
56,VTII AHV,1932-01-01,08:03,54.0,40,AV LIBERTADOR,R01,ERROR,14.0,12.0,,,0.0,False
57,NTHG LFT,2022-05-26,09:04,93.0,80,AV SIEMPRE VIVA,R02,PAGADA,13.0,9.0,,,0.0,False
59,FD 1475,2022-01-07,14:03,59.0,40,RUTA 9,R02,PAGADA,19.0,17.0,,,0.0,False
60,FVIO UHP,1932-01-01,18:02,124.0,80,RUTA 9,R01,APELADA,44.0,40.0,/content/urban_flow_gem/urban_flow/data/raw/imgs/28e26a4eb646c67a_patente.jpg,FVIOUHP,1.0,True
61,VY 90 540,2022-11-08,00:00,99.0,80,RUTA 9,R01,ERROR,19.0,15.0,/content/urban_flow_gem/urban_flow/data/raw/imgs/288a95c01e43cd14_patente_1.jpg,IVY90540,0.9333,True
63,6NCE831,2022-12-14,08:03,81.0,60,AV LIBERTADOR,R02,ERROR,21.0,18.0,,,0.0,False
64,M43 1ZW,1932-01-01,09:04,86.0,80,RUTA 9,R01,APELADA,6.0,2.0,,,0.0,False
66,NTHG LFT,1932-01-01,08:04,152.0,80,RUTA 9,R03,IMPAGA,72.0,68.0,,,0.0,False
68,HK 06 YMX,2020-11-11,14:03,76.0,40,AV SIEMPRE VIVA,,PAGADA,36.0,34.0,,,0.0,False
69,VNK296 GP,2021-05-25,18:02,77.0,40,RUTA 9,R03,IMPAGA,37.0,35.0,/content/urban_flow_gem/urban_flow/data/raw/imgs/16789af24af158d8.jpg,VNK296GP,1.0,True
71,RFH 373,2021-07-14,09:05,116.0,80,AV LIBERTADOR,R01,PAGADA,36.0,32.0,,,0.0,False
72,HK 06 YMX,2021-05-30,14:03,104.0,60,AV SIEMPRE VIVA,R02,PAGADA,44.0,41.0,,,0.0,False
75,W326 AVE,2021-04-21,00:00,57.0,40,AV LIBERTADOR,R01,PAGADA,17.0,15.0,,,0.0,False
77,B 81 JKY,1932-01-01,00:00,83.0,40,RUTA 9,R01,PAGADA,43.0,41.0,/content/urban_flow_gem/urban_flow/data/raw/imgs/80e02a518ffe4cb2.jpg,B81IKY,0.8333,True
79,M VU 4688,1932-01-01,08:04,96.0,60,AV SIEMPRE VIVA,R02,ERROR,36.0,33.0,/content/urban_flow_gem/urban_flow/data/raw/imgs/3feecc5809a29627_patente.jpg,MVU4688,1.0,True
81,8B90638,2022-04-10,18:03,108.0,60,AV SIEMPRE VIVA,R03,IMPAGA,48.0,45.0,,,0.0,False
82,57 777 70,2020-02-13,09:05,60.0,40,AV SIEMPRE VIVA,R01,PAGADA,20.0,18.0,,,0.0,False
90,M VU 4688,2023-09-21,18:04,49.0,40,RUTA 9,,PAGADA,9.0,7.0,,,0.0,False
91,INTIGR8,2023-07-09,00:00,148.0,80,AV LIBERTADOR,R01,PAGADA,68.0,64.0,,,0.0,False
92,CD 056 01,2023-08-15,14:04,103.0,40,AV LIBERTADOR,R02,ERROR,63.0,61.0,,,0.0,False
93,3646 HBH,2022-04-23,08:04,73.0,60,AV LIBERTADOR,R01,IMPAGA,13.0,10.0,/content/urban_flow_gem/urban_flow/data/raw/imgs/d3729058c6a4186e_patente.jpg,83646HBN,0.8,True
101,RFH 373,2022-12-05,14:04,101.0,40,AV LIBERTADOR,R01,PAGADA,61.0,59.0,,,0.0,False
102,B 81 JKY,2023-10-10,18:04,147.0,80,AV LIBERTADOR,R02,ERROR,67.0,63.0,,,0.0,False
103,57 777 70,2020-05-19,09:06,91.0,60,AV LIBERTADOR,R03,ERROR,31.0,28.0,,,0.0,False
104,CD 056 01,1932-01-01,18:04,114.0,60,AV LIBERTADOR,,APELADA,54.0,51.0,,,0.0,False
106,WE FLYN,1932-01-01,09:06,77.0,40,RUTA 9,,IMPAGA,37.0,35.0,/content/urban_flow_gem/urban_flow/data/raw/imgs/29f7991e696e6e3f.jpg,2WEVFLYNO,0.8,True
109,DI2 LOT,2021-08-12,00:00,77.0,60,AV SIEMPRE VIVA,R03,PAGADA,17.0,14.0,,,0.0,False
114,BX 55 DOG,1932-01-01,18:05,121.0,60,RUTA 9,,ERROR,61.0,58.0,,,0.0,False
127,8B90638,1932-01-01,14:04,116.0,40,AV SIEMPRE VIVA,R01,ERROR,76.0,74.0,,,0.0,False
129,T0Y DR,2022-09-24,00:00,123.0,80,AV SIEMPRE VIVA,R02,PAGADA,43.0,39.0,/content/urban_flow_gem/urban_flow/data/raw/imgs/4cb48c8bf41b70a4_patente.jpg,TAYDR,0.8,True
134,UW3932,1932-01-01,18:06,101.0,80,RUTA 9,R01,APELADA,21.0,17.0,,,0.0,False
138,831 MDB,2021-05-09,18:06,153.0,80,AV SIEMPRE VIVA,R03,ERROR,73.0,69.0,,,0.0,False
140,M VU 4688,1932-01-01,09:08,110.0,60,AV LIBERTADOR,R03,PAGADA,50.0,47.0,,,0.0,False
141,INTIGR8,2022-04-13,00:00,108.0,60,AV LIBERTADOR,R03,IMPAGA,48.0,45.0,,,0.0,False
144,HF 58 HXP,1932-01-01,08:06,79.0,40,RUTA 9,R03,ERROR,39.0,37.0,,,0.0,False
146,T0Y DR,2022-07-03,18:07,125.0,80,AV LIBERTADOR,R02,APELADA,45.0,41.0,,,0.0,False
147,WE FLYN,2021-12-13,09:08,129.0,60,AV SIEMPRE VIVA,,ERROR,69.0,66.0,,,0.0,False
148,FD 1475,2023-10-07,09:08,106.0,80,AV LIBERTADOR,R03,ERROR,26.0,22.0,,,0.0,False
149,990 XYK,2022-11-25,14:05,109.0,80,AV LIBERTADOR,,APELADA,29.0,25.0,,,0.0,False
150,INTIGR8,2020-01-04,08:07,100.0,60,AV SIEMPRE VIVA,R03,APELADA,40.0,37.0,,,0.0,False
155,691 XC 80,2024-01-03,00:00,116.0,80,RUTA 9,R01,PAGADA,36.0,32.0,/content/urban_flow_gem/urban_flow/data/raw/imgs/5a122adbb1a776b7_patente.jpg,6691XC80,0.9333,True
161,990 XYK,2020-04-26,09:08,82.0,60,AV LIBERTADOR,R01,APELADA,22.0,19.0,,,0.0,False
162,NTHG LFT,2020-06-10,08:07,118.0,60,AV LIBERTADOR,R03,IMPAGA,58.0,55.0,,,0.0,False
164,M VU 4688,2020-10-07,00:00,97.0,80,RUTA 9,R03,PAGADA,17.0,13.0,,,0.0,False
165,GE 1466,2021-09-25,00:00,108.0,40,AV LIBERTADOR,,APELADA,68.0,66.0,,,0.0,False
166,BM -351,2020-02-24,14:05,112.0,80,RUTA 9,,ERROR,32.0,28.0,/content/urban_flow_gem/urban_flow/data/raw/imgs/9995dfc6e0eae5a1_patente.jpg,BM351,1.0,True
170,WE FLYN,2021-01-18,18:08,88.0,80,AV LIBERTADOR,R02,PAGADA,8.0,4.0,,,0.0,False
171,CD 056 01,2023-08-11,00:00,75.0,40,RUTA 9,R03,IMPAGA,35.0,33.0,,,0.0,False
172,810 TCH,2020-02-08,14:05,110.0,40,RUTA 9,R03,APELADA,70.0,68.0,,,0.0,False
176,B 81 JKY,1932-01-01,09:09,91.0,60,AV SIEMPRE VIVA,R01,PAGADA,31.0,28.0,,,0.0,False
178,WU 341 A,2020-11-18,09:09,70.0,60,RUTA 9,R02,PAGADA,10.0,7.0,,,0.0,False
183,UM 96 201,1932-01-01,08:08,102.0,40,AV SIEMPRE VIVA,R03,PAGADA,62.0,60.0,/content/urban_flow_gem/urban_flow/data/raw/imgs/09453a7c716a9ef3_patente.jpg,UM96201,1.0,True
184,81-ZF-JD,1932-01-01,00:00,111.0,80,RUTA 9,R03,ERROR,31.0,27.0,,,0.0,False
188,TL03 GOG,2021-08-13,08:08,93.0,40,RUTA 9,,PAGADA,53.0,51.0,/content/urban_flow_gem/urban_flow/data/raw/imgs/fdd963edc28bf163_patente.jpg,TL03GOG,1.0,True
190,VNK296 GP,2020-03-03,09:10,153.0,80,AV LIBERTADOR,R01,PAGADA,73.0,69.0,,,0.0,False
191,VY 90 540,2022-02-05,08:08,98.0,60,RUTA 9,,IMPAGA,38.0,35.0,,,0.0,False
192,YLO8 WUE,2021-12-18,18:09,140.0,80,AV SIEMPRE VIVA,,ERROR,60.0,56.0,,,0.0,False
193,3646 HBH,2021-04-03,09:10,117.0,40,AV SIEMPRE VIVA,R01,PAGADA,77.0,75.0,,,0.0,False
197,DK 414 N,2020-05-03,00:00,69.0,40,AV SIEMPRE VIVA,,APELADA,29.0,27.0,,,0.0,False
200,57 777 70,2022-09-13,14:06,85.0,60,RUTA 9,R02,PAGADA,25.0,22.0,,,0.0,False
202,66 111 72,1932-01-01,18:09,137.0,60,RUTA 9,R03,ERROR,77.0,74.0,,,0.0,False
204,66 111 72,2020-04-18,14:06,93.0,80,AV LIBERTADOR,R03,PAGADA,13.0,9.0,,,0.0,False
207,OUTSTDN,1932-01-01,14:07,159.0,80,AV SIEMPRE VIVA,R02,PAGADA,79.0,75.0,,,0.0,False
208,VNK296 GP,1932-01-01,09:11,79.0,60,AV LIBERTADOR,R02,ERROR,19.0,16.0,,,0.0,False
209,GN64 OTP,1932-01-01,18:09,97.0,60,RUTA 9,,IMPAGA,37.0,34.0,,,0.0,False
211,29 999 61,2022-06-06,00:00,97.0,80,RUTA 9,R03,PAGADA,17.0,13.0,/content/urban_flow_gem/urban_flow/data/raw/imgs/5ff91ccfc6f15d04_patente.jpg,2999961,1.0,True
216,M43 1ZW,2022-03-07,09:11,109.0,60,RUTA 9,R03,APELADA,49.0,46.0,,,0.0,False
217,B 81 JKY,2022-08-02,00:00,92.0,40,RUTA 9,R03,APELADA,52.0,50.0,,,0.0,False
218,57 777 70,1932-01-01,00:00,129.0,60,AV LIBERTADOR,R02,APELADA,69.0,66.0,,,0.0,False
221,RFH 373,2021-11-24,09:11,156.0,80,AV SIEMPRE VIVA,R02,APELADA,76.0,72.0,,,0.0,False
222,X IIUME,2023-06-25,18:10,83.0,60,AV SIEMPRE VIVA,R03,ERROR,23.0,20.0,,,0.0,False
227,CD 056 01,1932-01-01,14:07,109.0,80,AV LIBERTADOR,,IMPAGA,29.0,25.0,,,0.0,False
228,CT5 B876,1932-01-01,18:10,141.0,80,RUTA 9,R02,APELADA,61.0,57.0,/content/urban_flow_gem/urban_flow/data/raw/imgs/39c193bcc0c00f9e_patente.jpg,CTB876,0.9231,True
229,8B90638,2022-06-16,18:10,104.0,60,AV LIBERTADOR,R01,PAGADA,44.0,41.0,,,0.0,False
231,AI7 OVF,2021-04-05,14:07,108.0,60,AV LIBERTADOR,R03,APELADA,48.0,45.0,/content/urban_flow_gem/urban_flow/data/raw/imgs/747b0f12f54703ee_patente.jpg,AI7OVF,1.0,True
233,N HZ 1002,1932-01-01,18:10,108.0,40,AV SIEMPRE VIVA,R01,APELADA,68.0,66.0,,,0.0,False
236,831 MDB,2020-09-05,08:09,70.0,60,RUTA 9,R03,PAGADA,10.0,7.0,,,0.0,False
240,W326 AVE,2020-07-31,08:10,100.0,80,AV SIEMPRE VIVA,R01,APELADA,20.0,16.0,,,0.0,False
241,CT5 B876,2022-06-04,18:11,65.0,40,RUTA 9,R03,ERROR,25.0,23.0,,,0.0,False
243,N HZ 1002,2021-03-15,00:00,116.0,40,AV LIBERTADOR,R02,IMPAGA,76.0,74.0,,,0.0,False
247,GN64 OTP,2022-01-18,18:11,141.0,80,RUTA 9,R02,APELADA,61.0,57.0,,,0.0,False
248,VY 90 540,2020-08-30,18:11,123.0,60,AV LIBERTADOR,,ERROR,63.0,60.0,,,0.0,False
249,66 111 72,2020-04-13,08:10,78.0,60,AV LIBERTADOR,R02,APELADA,18.0,15.0,,,0.0,False
256,X IIUME,2020-04-30,00:00,125.0,80,AV SIEMPRE VIVA,R03,ERROR,45.0,41.0,,,0.0,False
257,BM -351,2023-03-31,14:08,78.0,40,AV SIEMPRE VIVA,R02,ERROR,38.0,36.0,,,0.0,False
259,HAMSTUR,2021-09-30,14:09,141.0,80,AV SIEMPRE VIVA,R03,PAGADA,61.0,57.0,,,0.0,False
262,BHRP 770,2020-03-29,00:00,94.0,60,AV LIBERTADOR,R01,ERROR,34.0,31.0,,,0.0,False
263,990 XYK,2020-11-03,18:12,98.0,60,AV SIEMPRE VIVA,R02,PAGADA,38.0,35.0,,,0.0,False
268,GLEN1E,2023-09-03,14:09,68.0,60,AV LIBERTADOR,,APELADA,8.0,5.0,,,0.0,False
275,WE FLYN,2022-03-15,14:09,139.0,80,AV LIBERTADOR,R03,APELADA,59.0,55.0,,,0.0,False
285,41 RS TZ,2022-02-03,14:10,153.0,80,AV LIBERTADOR,R02,ERROR,73.0,69.0,/content/urban_flow_gem/urban_flow/data/raw/imgs/86c92b0402fec141_patente.jpg,B41RSTZ,0.9231,True
288,GCP332,2023-05-31,08:11,91.0,80,RUTA 9,,IMPAGA,11.0,7.0,,,0.0,False
294,810 TCH,2023-11-09,18:14,82.0,40,RUTA 9,R03,IMPAGA,42.0,40.0,,,0.0,False
297,GOOGLE,2022-07-22,00:00,88.0,60,AV SIEMPRE VIVA,R03,APELADA,28.0,25.0,,,0.0,False
298,VY 90 540,2021-09-18,00:00,99.0,80,RUTA 9,R01,ERROR,19.0,15.0,,,0.0,False
301,J1S1,1932-01-01,09:13,121.0,80,AV SIEMPRE VIVA,,PAGADA,41.0,37.0,,,0.0,False
302,GN64 OTP,2021-11-08,18:14,157.0,80,RUTA 9,R03,ERROR,77.0,73.0,,,0.0,False
303,CBM UK,1932-01-01,14:10,99.0,60,AV LIBERTADOR,R01,APELADA,39.0,36.0,,,0.0,False
306,X IIUME,2023-07-26,08:12,133.0,80,AV SIEMPRE VIVA,R02,IMPAGA,53.0,49.0,,,0.0,False
308,FD 1475,2022-09-13,08:12,153.0,80,RUTA 9,,ERROR,73.0,69.0,,,0.0,False
309,VTII AHV,2022-07-03,14:10,124.0,60,RUTA 9,R02,ERROR,64.0,61.0,,,0.0,False
311,CBM UK,2023-04-02,09:13,120.0,40,RUTA 9,R01,PAGADA,80.0,78.0,,,0.0,False
315,M PX 9357,2020-02-10,09:14,104.0,60,AV LIBERTADOR,R03,IMPAGA,44.0,41.0,,,0.0,False
317,GN64 OTP,1932-01-01,18:15,88.0,80,RUTA 9,R01,IMPAGA,8.0,4.0,,,0.0,False
319,WU 341 A,1932-01-01,09:14,73.0,40,AV LIBERTADOR,R02,IMPAGA,33.0,31.0,,,0.0,False
320,OUTSTDN,2020-12-18,08:12,120.0,60,RUTA 9,,ERROR,60.0,57.0,,,0.0,False
322,UW3932,2021-07-12,08:13,100.0,80,AV SIEMPRE VIVA,R02,ERROR,20.0,16.0,,,0.0,False
324,HAMSTUR,1932-01-01,09:14,96.0,80,AV LIBERTADOR,R03,PAGADA,16.0,12.0,,,0.0,False
325,99 998 68,2022-12-21,00:00,159.0,80,RUTA 9,R02,ERROR,79.0,75.0,,,0.0,False
327,J1S1,2020-02-28,00:00,93.0,40,AV LIBERTADOR,R01,ERROR,53.0,51.0,,,0.0,False
328,GN64 OTP,1932-01-01,14:11,156.0,80,AV SIEMPRE VIVA,R02,PAGADA,76.0,72.0,,,0.0,False
329,UM 96 201,2021-11-17,18:15,133.0,60,RUTA 9,R03,APELADA,73.0,70.0,,,0.0,False
332,HK 06 YMX,2023-10-09,00:00,151.0,80,AV SIEMPRE VIVA,,PAGADA,71.0,67.0,,,0.0,False
334,810 TCH,2023-08-21,00:00,64.0,40,AV LIBERTADOR,,IMPAGA,24.0,22.0,,,0.0,False
340,T0Y DR,2021-10-25,18:15,105.0,40,AV LIBERTADOR,R03,APELADA,65.0,63.0,,,0.0,False
342,66 111 72,2023-12-03,09:16,79.0,40,AV LIBERTADOR,R03,APELADA,39.0,37.0,,,0.0,False
353,FVIO UHP,2023-02-22,14:12,127.0,80,AV LIBERTADOR,,PAGADA,47.0,43.0,,,0.0,False
354,HF 58 HXP,2020-12-25,14:12,105.0,80,AV LIBERTADOR,R01,APELADA,25.0,21.0,,,0.0,False
356,MX60 NZA,2022-09-11,09:16,67.0,60,AV LIBERTADOR,R02,PAGADA,7.0,4.0,,,0.0,False
364,HK 06 YMX,1932-01-01,14:12,90.0,40,AV LIBERTADOR,R02,PAGADA,50.0,48.0,,,0.0,False
371,8B90638,2023-10-10,18:17,90.0,40,RUTA 9,R01,IMPAGA,50.0,48.0,,,0.0,False
380,691 XC 80,2023-09-29,09:18,103.0,80,AV LIBERTADOR,R01,APELADA,23.0,19.0,,,0.0,False
382,589222,1932-01-01,08:14,135.0,80,AV SIEMPRE VIVA,R01,IMPAGA,55.0,51.0,/content/urban_flow_gem/urban_flow/data/raw/imgs/246a0e4264a39433_patente.jpg,589222,1.0,True
383,0695 DVH,2023-12-16,18:17,63.0,40,AV LIBERTADOR,R01,ERROR,23.0,21.0,,,0.0,False
387,MX60 NZA,2022-11-11,00:00,125.0,60,AV SIEMPRE VIVA,R02,IMPAGA,65.0,62.0,,,0.0,False
388,81-ZF-JD,2020-11-21,09:18,119.0,40,AV LIBERTADOR,R03,ERROR,79.0,77.0,,,0.0,False
389,GE 1466,2023-02-18,14:13,112.0,80,AV LIBERTADOR,R03,IMPAGA,32.0,28.0,,,0.0,False
392,J1S1,1932-01-01,18:18,134.0,60,RUTA 9,,PAGADA,74.0,71.0,,,0.0,False
394,GLEN1E,2023-05-05,09:19,133.0,80,AV SIEMPRE VIVA,R02,ERROR,53.0,49.0,,,0.0,False
396,41 RS TZ,2022-11-16,14:13,90.0,80,AV LIBERTADOR,,ERROR,10.0,6.0,,,0.0,False
397,HF 3461,2020-07-01,00:00,94.0,80,RUTA 9,R02,APELADA,14.0,10.0,/content/urban_flow_gem/urban_flow/data/raw/imgs/a6e3b0b73220cd32_patente.jpg,THF3461,0.9231,True
399,810 TCH,1932-01-01,09:19,69.0,40,AV SIEMPRE VIVA,R03,IMPAGA,29.0,27.0,,,0.0,False
400,BM -351,2021-01-28,00:00,94.0,60,RUTA 9,,ERROR,34.0,31.0,,,0.0,False
402,YLO8 WUE,1932-01-01,09:19,119.0,60,RUTA 9,R02,APELADA,59.0,56.0,,,0.0,False
404,PIW 4215,1932-01-01,18:18,49.0,40,AV SIEMPRE VIVA,R03,PAGADA,9.0,7.0,,,0.0,False
405,HF 58 HXP,1932-01-01,09:19,118.0,80,AV SIEMPRE VIVA,,ERROR,38.0,34.0,,,0.0,False
406,WU08 YWC,1932-01-01,09:20,155.0,80,AV LIBERTADOR,R02,PAGADA,75.0,71.0,/content/urban_flow_gem/urban_flow/data/raw/imgs/2c09fab0221652c5_patente.jpg,WUO08YWL,0.8,True
407,6EVY261,2022-06-20,08:15,115.0,60,RUTA 9,R01,PAGADA,55.0,52.0,,,0.0,False
408,M VU 4688,2022-06-15,18:18,91.0,40,AV LIBERTADOR,R02,IMPAGA,51.0,49.0,,,0.0,False
410,UM 96 201,2023-01-08,00:00,98.0,60,AV SIEMPRE VIVA,R01,PAGADA,38.0,35.0,,,0.0,False
412,41 RS TZ,2022-04-20,08:15,104.0,60,AV SIEMPRE VIVA,R03,ERROR,44.0,41.0,,,0.0,False
413,CT5 B876,2021-03-23,18:19,104.0,60,AV SIEMPRE VIVA,,PAGADA,44.0,41.0,,,0.0,False
414,YLO8 WUE,2021-02-19,09:20,59.0,40,AV LIBERTADOR,R02,IMPAGA,19.0,17.0,,,0.0,False
416,BX 55 DOG,1932-01-01,14:13,97.0,40,AV LIBERTADOR,R01,IMPAGA,57.0,55.0,,,0.0,False
418,WU 341 A,1932-01-01,09:20,90.0,40,AV SIEMPRE VIVA,R03,ERROR,50.0,48.0,,,0.0,False
421,X IIUME,2020-04-25,08:15,115.0,40,RUTA 9,R02,PAGADA,75.0,73.0,,,0.0,False
422,X IIUME,2024-01-17,18:19,116.0,60,AV SIEMPRE VIVA,R01,IMPAGA,56.0,53.0,,,0.0,False
424,X IIUME,2023-05-26,14:14,89.0,40,AV LIBERTADOR,R01,ERROR,49.0,47.0,,,0.0,False
428,GN64 OTP,2023-07-01,09:20,68.0,60,RUTA 9,R03,APELADA,8.0,5.0,,,0.0,False
430,FVIO UHP,2023-11-13,00:00,71.0,40,RUTA 9,,APELADA,31.0,29.0,,,0.0,False
431,X IIUME,2020-12-02,18:20,114.0,80,AV LIBERTADOR,,IMPAGA,34.0,30.0,,,0.0,False
432,6NCE831,2023-06-20,09:21,88.0,80,RUTA 9,R01,PAGADA,8.0,4.0,,,0.0,False
433,VY 90 540,1932-01-01,08:16,66.0,60,RUTA 9,R03,APELADA,6.0,3.0,,,0.0,False
434,GLEN1E,2021-11-24,18:20,70.0,60,AV SIEMPRE VIVA,,ERROR,10.0,7.0,,,0.0,False
435,T0Y DR,2021-10-11,00:00,91.0,60,RUTA 9,R01,PAGADA,31.0,28.0,,,0.0,False
437,WU08 YWC,1932-01-01,09:21,53.0,40,RUTA 9,R01,ERROR,13.0,11.0,,,0.0,False
441,691 XC 80,2021-08-13,18:21,117.0,60,AV SIEMPRE VIVA,R01,ERROR,57.0,54.0,,,0.0,False
444,3646 HBH,2022-01-18,00:00,74.0,60,AV LIBERTADOR,R02,PAGADA,14.0,11.0,,,0.0,False
445,HAMSTUR,1932-01-01,09:21,72.0,40,AV SIEMPRE VIVA,,ERROR,32.0,30.0,,,0.0,False
449,CD 056 01,2023-09-23,09:21,99.0,80,AV LIBERTADOR,R02,IMPAGA,19.0,15.0,,,0.0,False
451,6NCE831,2020-06-21,00:00,160.0,80,AV LIBERTADOR,,APELADA,80.0,76.0,,,0.0,False
452,OUTSTDN,2023-07-17,14:14,122.0,80,AV LIBERTADOR,,APELADA,42.0,38.0,,,0.0,False
455,HK 06 YMX,2020-05-14,09:22,82.0,40,AV SIEMPRE VIVA,,ERROR,42.0,40.0,,,0.0,False
456,X IIUME,2020-05-05,18:21,116.0,80,AV LIBERTADOR,R02,IMPAGA,36.0,32.0,,,0.0,False
460,81-ZF-JD,2021-06-29,18:21,95.0,60,RUTA 9,R02,ERROR,35.0,32.0,,,0.0,False
461,M20 CPR,1932-01-01,08:16,125.0,80,AV SIEMPRE VIVA,R01,ERROR,45.0,41.0,,,0.0,False
464,T0Y DR,2022-11-30,18:21,98.0,40,AV LIBERTADOR,,APELADA,58.0,56.0,,,0.0,False
467,OUTSTDN,2022-02-14,00:00,146.0,80,AV SIEMPRE VIVA,R01,PAGADA,66.0,62.0,,,0.0,False
469,NTHG LFT,2021-04-23,00:00,115.0,80,AV LIBERTADOR,,PAGADA,35.0,31.0,,,0.0,False
471,B 81 JKY,2020-01-11,00:00,84.0,60,AV SIEMPRE VIVA,R03,PAGADA,24.0,21.0,,,0.0,False
472,YLO8 WUE,2020-04-28,00:00,75.0,40,AV LIBERTADOR,R02,PAGADA,35.0,33.0,,,0.0,False
473,29 999 61,2021-03-29,18:22,99.0,60,AV SIEMPRE VIVA,R03,IMPAGA,39.0,36.0,,,0.0,False
476,6NCE831,1932-01-01,00:00,106.0,60,AV SIEMPRE VIVA,R03,PAGADA,46.0,43.0,,,0.0,False
479,PIW 4215,2022-11-03,18:22,94.0,80,AV LIBERTADOR,R01,PAGADA,14.0,10.0,,,0.0,False
481,831 MDB,2020-01-06,09:23,93.0,80,RUTA 9,R03,IMPAGA,13.0,9.0,,,0.0,False
482,691 XC 80,1932-01-01,18:23,106.0,40,RUTA 9,R03,ERROR,66.0,64.0,,,0.0,False
484,UM 96 201,2023-04-14,08:17,77.0,40,AV SIEMPRE VIVA,R02,IMPAGA,37.0,35.0,,,0.0,False
486,691 XC 80,2020-05-20,18:23,92.0,60,AV SIEMPRE VIVA,R01,ERROR,32.0,29.0,,,0.0,False
487,N HZ 1002,2024-02-06,18:23,93.0,80,AV LIBERTADOR,R01,ERROR,13.0,9.0,,,0.0,False
488,66 111 72,2020-03-31,14:15,100.0,60,AV LIBERTADOR,R03,PAGADA,40.0,37.0,,,0.0,False
490,81-ZF-JD,2020-04-10,09:23,62.0,40,AV SIEMPRE VIVA,R03,IMPAGA,22.0,20.0,,,0.0,False
491,BX 55 DOG,2023-09-07,09:23,61.0,40,RUTA 9,,PAGADA,21.0,19.0,,,0.0,False
492,M43 1ZW,2020-05-29,09:23,62.0,40,AV SIEMPRE VIVA,R02,APELADA,22.0,20.0,,,0.0,False
493,M PX 9357,1932-01-01,09:23,80.0,60,AV LIBERTADOR,R02,PAGADA,20.0,17.0,,,0.0,False
495,HF 3461,2023-09-15,09:24,111.0,80,AV LIBERTADOR,R01,ERROR,31.0,27.0,,,0.0,False
497,BB 8986,2020-07-14,14:16,150.0,80,AV SIEMPRE VIVA,R02,IMPAGA,70.0,66.0,,,0.0,False
498,BX 55 DOG,2021-01-23,00:00,103.0,60,RUTA 9,R03,APELADA,43.0,40.0,,,0.0,False
499,AWS 167,2020-02-13,08:17,51.0,40,AV LIBERTADOR,,ERROR,11.0,9.0,/content/urban_flow_gem/urban_flow/data/raw/imgs/7f9740e95a74f2b9_patente.jpg,AWS8167,0.9231,True
500,GCP332,2020-06-27,00:00,63.0,40,RUTA 9,,PAGADA,23.0,21.0,,,0.0,False
505,UM 96 201,1932-01-01,08:18,131.0,60,RUTA 9,,APELADA,71.0,68.0,,,0.0,False
506,691 XC 80,2023-12-31,14:16,53.0,40,AV LIBERTADOR,R01,PAGADA,13.0,11.0,,,0.0,False
507,CD 056 01,1932-01-01,18:23,71.0,60,AV LIBERTADOR,R01,ERROR,11.0,8.0,,,0.0,False
509,VY 90 540,2022-09-05,14:16,143.0,80,RUTA 9,,ERROR,63.0,59.0,,,0.0,False
513,T0Y DR,2020-12-23,18:24,133.0,80,RUTA 9,,PAGADA,53.0,49.0,,,0.0,False
514,99 998 68,2022-02-09,09:24,71.0,40,AV SIEMPRE VIVA,R02,APELADA,31.0,29.0,,,0.0,False
515,MX60 NZA,1932-01-01,18:24,117.0,80,AV LIBERTADOR,R02,PAGADA,37.0,33.0,,,0.0,False
518,GOOGLE,2023-11-12,18:24,146.0,80,AV SIEMPRE VIVA,R01,APELADA,66.0,62.0,,,0.0,False
519,WU08 YWC,2022-10-15,08:18,100.0,40,AV LIBERTADOR,R01,IMPAGA,60.0,58.0,,,0.0,False
524,HF 3461,2020-01-28,18:24,87.0,80,AV LIBERTADOR,R03,IMPAGA,7.0,3.0,,,0.0,False
526,FD 1475,2022-07-30,00:00,129.0,60,AV LIBERTADOR,R02,APELADA,69.0,66.0,,,0.0,False
527,J1S1,1932-01-01,18:24,158.0,80,RUTA 9,R02,ERROR,78.0,74.0,,,0.0,False
533,VNK296 GP,1932-01-01,09:25,120.0,60,RUTA 9,R02,ERROR,60.0,57.0,,,0.0,False
536,HAMSTUR,1932-01-01,08:19,47.0,40,AV SIEMPRE VIVA,R02,PAGADA,7.0,5.0,,,0.0,False
539,OUTSTDN,2023-08-19,09:25,85.0,60,AV LIBERTADOR,,IMPAGA,25.0,22.0,,,0.0,False
541,WE FLYN,2020-06-25,08:19,118.0,40,RUTA 9,R03,APELADA,78.0,76.0,,,0.0,False
544,VY 90 540,2022-09-15,18:25,101.0,80,AV SIEMPRE VIVA,,ERROR,21.0,17.0,,,0.0,False
545,WE FLYN,1932-01-01,09:25,81.0,60,AV SIEMPRE VIVA,R01,IMPAGA,21.0,18.0,,,0.0,False
550,FVIO UHP,1932-01-01,08:20,75.0,60,RUTA 9,,IMPAGA,15.0,12.0,,,0.0,False
551,MX60 NZA,2020-01-22,00:00,90.0,60,RUTA 9,R02,IMPAGA,30.0,27.0,,,0.0,False
553,DK 414 N,1932-01-01,09:26,55.0,40,AV SIEMPRE VIVA,R02,ERROR,15.0,13.0,,,0.0,False
555,HAMSTUR,2023-02-19,14:18,98.0,40,AV LIBERTADOR,R01,APELADA,58.0,56.0,,,0.0,False
557,VTII AHV,2022-01-26,00:00,52.0,40,AV LIBERTADOR,,PAGADA,12.0,10.0,,,0.0,False
561,TL03 GOG,2022-06-06,00:00,116.0,80,RUTA 9,,APELADA,36.0,32.0,,,0.0,False
564,66 111 72,1932-01-01,14:18,118.0,80,AV LIBERTADOR,R03,APELADA,38.0,34.0,,,0.0,False
565,6NCE831,2021-12-16,14:19,134.0,80,AV LIBERTADOR,R02,APELADA,54.0,50.0,,,0.0,False
568,BHRP 770,2022-09-06,08:20,153.0,80,RUTA 9,R03,ERROR,73.0,69.0,,,0.0,False
569,FD 1475,2022-02-23,09:26,132.0,60,AV SIEMPRE VIVA,,APELADA,72.0,69.0,,,0.0,False
571,FVIO UHP,1932-01-01,09:26,87.0,60,RUTA 9,R01,IMPAGA,27.0,24.0,,,0.0,False
574,GE 1466,1932-01-01,18:26,78.0,60,RUTA 9,R01,APELADA,18.0,15.0,,,0.0,False
576,B 81 JKY,2021-07-17,14:19,80.0,40,AV LIBERTADOR,R02,ERROR,40.0,38.0,,,0.0,False
578,HF 3461,1932-01-01,09:27,126.0,80,AV SIEMPRE VIVA,R02,APELADA,46.0,42.0,,,0.0,False
579,BX 55 DOG,2021-06-20,09:27,139.0,60,RUTA 9,,PAGADA,79.0,76.0,,,0.0,False
581,8B90638,2021-11-17,18:26,107.0,60,AV LIBERTADOR,R03,APELADA,47.0,44.0,,,0.0,False
582,INTIGR8,2020-06-14,14:20,95.0,60,AV SIEMPRE VIVA,R01,APELADA,35.0,32.0,,,0.0,False
583,DK 414 N,2020-07-04,08:21,76.0,60,AV SIEMPRE VIVA,R03,APELADA,16.0,13.0,,,0.0,False
587,HF 3461,2021-04-15,00:00,100.0,40,AV SIEMPRE VIVA,R01,PAGADA,60.0,58.0,,,0.0,False
589,J1S1,1932-01-01,09:27,145.0,80,RUTA 9,,PAGADA,65.0,61.0,,,0.0,False
593,B 81 JKY,2022-06-01,18:27,141.0,80,AV SIEMPRE VIVA,R02,PAGADA,61.0,57.0,,,0.0,False
600,WE FLYN,2021-01-16,14:20,153.0,80,AV LIBERTADOR,R03,IMPAGA,73.0,69.0,,,0.0,False
605,MX60 NZA,2020-11-18,14:20,105.0,60,AV LIBERTADOR,,PAGADA,45.0,42.0,,,0.0,False
608,FD 1475,2020-10-21,08:22,113.0,80,AV LIBERTADOR,R02,APELADA,33.0,29.0,,,0.0,False
610,M20 CPR,2020-09-20,14:21,85.0,80,AV SIEMPRE VIVA,,ERROR,5.0,1.0,,,0.0,False
612,HAMSTUR,2024-01-26,09:28,109.0,60,AV SIEMPRE VIVA,,IMPAGA,49.0,46.0,,,0.0,False
613,T0Y DR,1932-01-01,08:22,111.0,80,AV LIBERTADOR,R03,APELADA,31.0,27.0,,,0.0,False
615,GOOGLE,1932-01-01,18:28,116.0,80,RUTA 9,R03,APELADA,36.0,32.0,,,0.0,False
616,HF 58 HXP,2022-10-22,14:21,76.0,60,AV SIEMPRE VIVA,R02,PAGADA,16.0,13.0,,,0.0,False
622,VNK296 GP,2020-06-03,09:29,69.0,40,AV LIBERTADOR,,ERROR,29.0,27.0,,,0.0,False
624,41 RS TZ,1932-01-01,08:23,140.0,80,AV LIBERTADOR,R01,ERROR,60.0,56.0,,,0.0,False
625,VTII AHV,1932-01-01,09:29,97.0,80,AV LIBERTADOR,R01,APELADA,17.0,13.0,,,0.0,False
626,589222,1932-01-01,09:29,131.0,80,AV SIEMPRE VIVA,R02,PAGADA,51.0,47.0,,,0.0,False
627,M43 1ZW,1932-01-01,18:28,146.0,80,AV SIEMPRE VIVA,R02,ERROR,66.0,62.0,,,0.0,False
629,FVIO UHP,1932-01-01,00:00,88.0,40,AV SIEMPRE VIVA,R02,APELADA,48.0,46.0,,,0.0,False
636,BB 8986,1932-01-01,00:00,101.0,60,RUTA 9,R03,ERROR,41.0,38.0,,,0.0,False
637,FVIO UHP,2021-03-30,08:23,139.0,60,AV SIEMPRE VIVA,R03,IMPAGA,79.0,76.0,,,0.0,False
639,M PX 9357,2022-11-28,14:21,134.0,60,RUTA 9,R02,IMPAGA,74.0,71.0,,,0.0,False
643,YLO8 WUE,2023-02-02,14:22,87.0,60,AV SIEMPRE VIVA,R02,PAGADA,27.0,24.0,,,0.0,False
644,VNK296 GP,2022-09-18,18:29,116.0,40,RUTA 9,R03,ERROR,76.0,74.0,,,0.0,False
647,HK 06 YMX,2020-09-30,14:22,95.0,80,RUTA 9,R03,IMPAGA,15.0,11.0,,,0.0,False
648,TL03 GOG,2022-02-14,09:30,85.0,60,RUTA 9,R03,IMPAGA,25.0,22.0,,,0.0,False
649,57 777 70,2023-12-25,09:30,104.0,60,RUTA 9,,IMPAGA,44.0,41.0,,,0.0,False
650,NTHG LFT,2020-06-14,00:00,86.0,80,AV LIBERTADOR,R03,PAGADA,6.0,2.0,,,0.0,False
651,6NCE831,2022-09-17,09:30,93.0,60,AV LIBERTADOR,,PAGADA,33.0,30.0,,,0.0,False
652,HAMSTUR,2022-06-10,14:22,75.0,40,AV SIEMPRE VIVA,R03,PAGADA,35.0,33.0,,,0.0,False
654,OUTSTDN,2023-09-12,18:30,53.0,40,RUTA 9,R03,ERROR,13.0,11.0,,,0.0,False
655,M PX 9357,2021-11-19,14:22,137.0,80,AV SIEMPRE VIVA,,PAGADA,57.0,53.0,,,0.0,False
662,41 RS TZ,2021-03-01,14:23,112.0,60,RUTA 9,,ERROR,52.0,49.0,,,0.0,False
664,PIW 4215,2022-03-08,18:30,73.0,40,RUTA 9,R02,IMPAGA,33.0,31.0,,,0.0,False
665,J1S1,2023-04-18,08:24,75.0,60,RUTA 9,R02,PAGADA,15.0,12.0,,,0.0,False
669,BX 55 DOG,1932-01-01,14:23,82.0,60,RUTA 9,R03,APELADA,22.0,19.0,,,0.0,False
670,NTHG LFT,2020-02-04,00:00,55.0,40,AV SIEMPRE VIVA,R01,APELADA,15.0,13.0,,,0.0,False
671,T0Y DR,2022-03-09,09:31,52.0,40,RUTA 9,R03,PAGADA,12.0,10.0,,,0.0,False
675,WE FLYN,2023-08-21,14:23,104.0,60,AV LIBERTADOR,R03,PAGADA,44.0,41.0,,,0.0,False
677,990 XYK,2021-05-23,00:00,74.0,40,AV LIBERTADOR,R01,IMPAGA,34.0,32.0,,,0.0,False
678,N HZ 1002,1932-01-01,14:24,120.0,40,AV LIBERTADOR,R02,ERROR,80.0,78.0,,,0.0,False
682,AI7 OVF,2021-04-24,14:24,67.0,40,AV LIBERTADOR,,ERROR,27.0,25.0,,,0.0,False
684,AI7 OVF,1932-01-01,18:31,113.0,60,AV LIBERTADOR,R03,APELADA,53.0,50.0,,,0.0,False
686,VY 90 540,2023-01-31,00:00,131.0,80,AV LIBERTADOR,,IMPAGA,51.0,47.0,,,0.0,False
689,BHRP 770,1932-01-01,18:31,114.0,80,AV SIEMPRE VIVA,,IMPAGA,34.0,30.0,,,0.0,False
690,VY 90 540,2020-07-18,18:32,119.0,80,AV LIBERTADOR,,APELADA,39.0,35.0,,,0.0,False
699,DK 414 N,2022-05-28,09:33,133.0,60,RUTA 9,R02,APELADA,73.0,70.0,,,0.0,False
700,PIW 4215,2022-08-22,09:33,96.0,80,AV SIEMPRE VIVA,R03,PAGADA,16.0,12.0,,,0.0,False
703,M20 CPR,2022-04-11,18:32,64.0,40,AV LIBERTADOR,,ERROR,24.0,22.0,,,0.0,False
709,NTHG LFT,2020-05-26,08:24,101.0,40,RUTA 9,R03,ERROR,61.0,59.0,,,0.0,False
712,HF 3461,1932-01-01,18:32,119.0,40,AV SIEMPRE VIVA,R03,ERROR,79.0,77.0,,,0.0,False
713,BHRP 770,2020-12-12,00:00,119.0,80,AV LIBERTADOR,R01,APELADA,39.0,35.0,,,0.0,False
714,99 998 68,2021-01-25,09:34,149.0,80,AV SIEMPRE VIVA,R01,PAGADA,69.0,65.0,,,0.0,False
718,831 MDB,2020-11-22,08:25,135.0,60,AV LIBERTADOR,R02,APELADA,75.0,72.0,,,0.0,False
720,RFH 373,2023-08-21,08:25,116.0,80,AV LIBERTADOR,R03,APELADA,36.0,32.0,,,0.0,False
721,WE FLYN,2023-03-23,09:34,89.0,80,RUTA 9,R03,ERROR,9.0,5.0,,,0.0,False
725,X IIUME,2020-04-04,14:25,97.0,80,AV SIEMPRE VIVA,,APELADA,17.0,13.0,,,0.0,False
727,HF 58 HXP,1932-01-01,08:26,69.0,60,AV LIBERTADOR,R01,IMPAGA,9.0,6.0,,,0.0,False
728,AWS 167,2020-05-22,14:25,137.0,80,AV LIBERTADOR,R03,ERROR,57.0,53.0,,,0.0,False
731,M PX 9357,2023-05-23,18:33,107.0,40,AV LIBERTADOR,,ERROR,67.0,65.0,,,0.0,False
732,CT5 B876,2021-11-01,14:25,88.0,80,AV SIEMPRE VIVA,R01,IMPAGA,8.0,4.0,,,0.0,False
733,29 999 61,2020-06-05,00:00,127.0,60,RUTA 9,R01,APELADA,67.0,64.0,,,0.0,False
734,FVIO UHP,2020-12-03,08:26,111.0,80,AV SIEMPRE VIVA,R03,PAGADA,31.0,27.0,,,0.0,False
737,AWS 167,2021-01-28,14:25,118.0,60,AV SIEMPRE VIVA,R01,APELADA,58.0,55.0,,,0.0,False
741,HF 3461,1932-01-01,14:26,130.0,80,RUTA 9,,IMPAGA,50.0,46.0,,,0.0,False
743,810 TCH,2023-04-10,09:35,134.0,60,RUTA 9,,IMPAGA,74.0,71.0,,,0.0,False
745,GOOGLE,2021-11-15,14:26,112.0,80,AV SIEMPRE VIVA,R02,ERROR,32.0,28.0,,,0.0,False
751,AWS 167,2021-09-12,14:26,113.0,40,AV LIBERTADOR,,ERROR,73.0,71.0,,,0.0,False
752,T0Y DR,2022-04-08,18:34,126.0,60,AV SIEMPRE VIVA,R02,IMPAGA,66.0,63.0,,,0.0,False
755,FD 1475,2020-04-08,00:00,85.0,40,AV LIBERTADOR,R03,ERROR,45.0,43.0,,,0.0,False
758,81-ZF-JD,1932-01-01,18:34,158.0,80,RUTA 9,,IMPAGA,78.0,74.0,,,0.0,False
759,VTII AHV,2023-06-04,08:27,118.0,60,AV LIBERTADOR,R02,APELADA,58.0,55.0,,,0.0,False
763,GCP332,2023-10-15,18:35,111.0,80,RUTA 9,,IMPAGA,31.0,27.0,,,0.0,False
764,AWS 167,2022-02-14,00:00,67.0,40,RUTA 9,,IMPAGA,27.0,25.0,,,0.0,False
765,BB 8986,2021-11-25,08:28,97.0,40,AV SIEMPRE VIVA,,IMPAGA,57.0,55.0,,,0.0,False
768,YLO8 WUE,1932-01-01,00:00,87.0,60,RUTA 9,R03,ERROR,27.0,24.0,,,0.0,False
770,RFH 373,1932-01-01,09:36,104.0,40,AV LIBERTADOR,R02,APELADA,64.0,62.0,,,0.0,False
773,DI2 LOT,2020-07-17,08:28,115.0,40,AV LIBERTADOR,R03,APELADA,75.0,73.0,,,0.0,False
776,J1S1,2022-04-21,18:36,89.0,40,RUTA 9,R01,IMPAGA,49.0,47.0,,,0.0,False
779,OUTSTDN,2023-09-07,00:00,104.0,60,RUTA 9,R03,PAGADA,44.0,41.0,,,0.0,False
780,GLEN1E,2023-09-01,18:36,71.0,60,AV SIEMPRE VIVA,R02,ERROR,11.0,8.0,,,0.0,False
783,HF 58 HXP,1932-01-01,08:29,90.0,60,AV SIEMPRE VIVA,R01,PAGADA,30.0,27.0,,,0.0,False
784,BB 8986,2022-01-28,18:36,82.0,60,RUTA 9,R02,IMPAGA,22.0,19.0,,,0.0,False
787,8B90638,1932-01-01,14:28,136.0,80,AV LIBERTADOR,R02,IMPAGA,56.0,52.0,,,0.0,False
788,99 998 68,1932-01-01,14:28,94.0,60,AV LIBERTADOR,R01,ERROR,34.0,31.0,,,0.0,False
789,990 XYK,2021-02-19,00:00,137.0,60,RUTA 9,,PAGADA,77.0,74.0,,,0.0,False
792,589222,2021-09-25,18:37,153.0,80,AV SIEMPRE VIVA,R02,APELADA,73.0,69.0,,,0.0,False
793,CBM UK,2022-02-09,09:36,93.0,60,AV LIBERTADOR,R03,IMPAGA,33.0,30.0,,,0.0,False
795,M VU 4688,2022-03-25,14:28,152.0,80,AV SIEMPRE VIVA,,APELADA,72.0,68.0,,,0.0,False
806,81-ZF-JD,2020-11-02,14:29,94.0,80,AV SIEMPRE VIVA,,APELADA,14.0,10.0,,,0.0,False
807,W326 AVE,2023-08-15,08:30,82.0,60,RUTA 9,R02,APELADA,22.0,19.0,,,0.0,False
808,X IIUME,2020-08-21,14:29,157.0,80,RUTA 9,R03,ERROR,77.0,73.0,,,0.0,False
811,AWS 167,1932-01-01,08:30,71.0,40,AV LIBERTADOR,R03,IMPAGA,31.0,29.0,,,0.0,False
814,M43 1ZW,1932-01-01,00:00,132.0,60,AV LIBERTADOR,R01,APELADA,72.0,69.0,,,0.0,False
815,HAMSTUR,2020-02-21,14:29,78.0,60,AV SIEMPRE VIVA,R03,ERROR,18.0,15.0,,,0.0,False
816,DK 414 N,2020-08-22,09:37,117.0,80,AV LIBERTADOR,R03,IMPAGA,37.0,33.0,,,0.0,False
818,GE 1466,2021-04-06,08:31,116.0,80,AV LIBERTADOR,,PAGADA,36.0,32.0,,,0.0,False
819,6EVY261,2024-01-07,09:37,135.0,80,AV LIBERTADOR,R01,IMPAGA,55.0,51.0,,,0.0,False
821,BM -351,2020-07-04,00:00,116.0,80,RUTA 9,R01,IMPAGA,36.0,32.0,,,0.0,False
823,66 111 72,2022-02-01,08:31,136.0,80,AV LIBERTADOR,R03,ERROR,56.0,52.0,,,0.0,False
824,J1S1,2021-09-29,09:38,108.0,40,AV SIEMPRE VIVA,,ERROR,68.0,66.0,,,0.0,False
827,HF 58 HXP,1932-01-01,18:38,153.0,80,RUTA 9,R03,IMPAGA,73.0,69.0,,,0.0,False
830,M20 CPR,2022-04-26,18:38,122.0,80,RUTA 9,,APELADA,42.0,38.0,,,0.0,False
834,99 998 68,1932-01-01,00:00,96.0,80,AV SIEMPRE VIVA,R03,ERROR,16.0,12.0,,,0.0,False
837,BM -351,2022-12-05,08:32,104.0,80,AV SIEMPRE VIVA,,IMPAGA,24.0,20.0,,,0.0,False
841,M43 1ZW,2020-08-28,00:00,114.0,60,AV SIEMPRE VIVA,R03,ERROR,54.0,51.0,,,0.0,False
842,AI7 OVF,2020-11-19,14:30,54.0,40,AV LIBERTADOR,R03,PAGADA,14.0,12.0,,,0.0,False
843,CD 056 01,1932-01-01,14:30,151.0,80,AV SIEMPRE VIVA,R01,PAGADA,71.0,67.0,,,0.0,False
847,UM 96 201,2021-06-18,18:38,135.0,60,AV SIEMPRE VIVA,R02,APELADA,75.0,72.0,,,0.0,False
850,6EVY261,2020-06-11,09:39,98.0,80,AV LIBERTADOR,R01,IMPAGA,18.0,14.0,,,0.0,False
851,6EVY261,2023-10-16,09:39,117.0,40,AV LIBERTADOR,R02,IMPAGA,77.0,75.0,,,0.0,False
853,PIW 4215,2023-07-29,00:00,99.0,60,AV LIBERTADOR,R02,IMPAGA,39.0,36.0,,,0.0,False
855,NTHG LFT,2022-09-16,09:40,108.0,40,AV LIBERTADOR,R01,APELADA,68.0,66.0,,,0.0,False
856,CBM UK,1932-01-01,09:40,101.0,60,RUTA 9,R01,ERROR,41.0,38.0,,,0.0,False
865,WU08 YWC,1932-01-01,00:00,62.0,40,AV SIEMPRE VIVA,R01,ERROR,22.0,20.0,,,0.0,False
866,GLEN1E,2020-12-01,00:00,85.0,60,AV LIBERTADOR,,ERROR,25.0,22.0,,,0.0,False
872,990 XYK,2024-01-08,14:31,80.0,40,RUTA 9,R01,PAGADA,40.0,38.0,,,0.0,False
873,INTIGR8,2020-05-18,14:32,113.0,60,AV LIBERTADOR,R02,PAGADA,53.0,50.0,,,0.0,False
882,BB 8986,2022-07-16,14:32,124.0,80,AV LIBERTADOR,R01,APELADA,44.0,40.0,,,0.0,False
883,589222,2023-04-23,14:32,111.0,80,AV LIBERTADOR,,IMPAGA,31.0,27.0,,,0.0,False
884,6NCE831,2022-07-02,09:41,69.0,60,AV LIBERTADOR,R01,APELADA,9.0,6.0,,,0.0,False
887,CT5 B876,1932-01-01,00:00,83.0,40,RUTA 9,R02,ERROR,43.0,41.0,,,0.0,False
888,99 998 68,2023-04-07,09:41,53.0,40,AV LIBERTADOR,R01,IMPAGA,13.0,11.0,,,0.0,False
890,BP717,2022-08-23,08:33,133.0,60,AV LIBERTADOR,R03,APELADA,73.0,70.0,,,0.0,False
893,VTII AHV,2021-08-17,00:00,83.0,40,RUTA 9,R03,IMPAGA,43.0,41.0,,,0.0,False
897,M VU 4688,2023-09-01,08:33,90.0,60,AV LIBERTADOR,R03,IMPAGA,30.0,27.0,,,0.0,False
900,BM -351,2020-09-04,08:34,85.0,40,AV SIEMPRE VIVA,R01,PAGADA,45.0,43.0,,,0.0,False
902,HF 3461,2020-02-24,14:33,123.0,60,AV LIBERTADOR,,PAGADA,63.0,60.0,,,0.0,False
904,VTII AHV,1932-01-01,00:00,85.0,60,AV SIEMPRE VIVA,R02,PAGADA,25.0,22.0,,,0.0,False
906,41 RS TZ,1932-01-01,09:41,57.0,40,AV LIBERTADOR,R01,APELADA,17.0,15.0,,,0.0,False
907,WU 341 A,1932-01-01,14:33,74.0,60,RUTA 9,,PAGADA,14.0,11.0,,,0.0,False
909,691 XC 80,2022-09-12,08:34,117.0,80,AV LIBERTADOR,R02,IMPAGA,37.0,33.0,,,0.0,False
914,UM 96 201,2021-05-06,18:41,96.0,80,AV LIBERTADOR,R01,APELADA,16.0,12.0,,,0.0,False
915,J1S1,2022-05-29,08:34,105.0,60,RUTA 9,R03,IMPAGA,45.0,42.0,,,0.0,False
920,DK 414 N,1932-01-01,09:42,142.0,80,AV LIBERTADOR,R02,APELADA,62.0,58.0,,,0.0,False
923,8B90638,2022-07-30,08:35,111.0,80,RUTA 9,R03,PAGADA,31.0,27.0,,,0.0,False
930,0695 DVH,2022-12-14,00:00,116.0,80,AV SIEMPRE VIVA,R02,ERROR,36.0,32.0,,,0.0,False
932,DK 414 N,2023-08-04,08:35,67.0,60,AV SIEMPRE VIVA,R01,ERROR,7.0,4.0,,,0.0,False
935,99 998 68,1932-01-01,14:34,87.0,80,AV SIEMPRE VIVA,R03,IMPAGA,7.0,3.0,,,0.0,False
936,41 RS TZ,1932-01-01,09:42,74.0,60,RUTA 9,R01,APELADA,14.0,11.0,,,0.0,False
938,41 RS TZ,2022-07-21,08:36,148.0,80,RUTA 9,R03,ERROR,68.0,64.0,,,0.0,False
939,691 XC 80,2021-07-12,14:34,49.0,40,AV LIBERTADOR,,IMPAGA,9.0,7.0,,,0.0,False
942,VTII AHV,2020-01-25,08:36,73.0,60,AV SIEMPRE VIVA,,PAGADA,13.0,10.0,,,0.0,False
943,99 998 68,2022-09-07,14:34,102.0,80,AV SIEMPRE VIVA,,APELADA,22.0,18.0,,,0.0,False
945,BHRP 770,2021-03-11,00:00,95.0,60,AV LIBERTADOR,,APELADA,35.0,32.0,,,0.0,False
946,29 999 61,2022-08-30,00:00,97.0,80,AV SIEMPRE VIVA,R02,PAGADA,17.0,13.0,,,0.0,False
948,HAMSTUR,2021-03-18,08:36,88.0,60,AV LIBERTADOR,,PAGADA,28.0,25.0,,,0.0,False
949,N HZ 1002,2020-03-15,08:36,127.0,60,AV SIEMPRE VIVA,R01,APELADA,67.0,64.0,,,0.0,False
954,VTII AHV,1932-01-01,00:00,91.0,60,RUTA 9,R01,IMPAGA,31.0,28.0,,,0.0,False
961,OUTSTDN,2021-10-10,18:43,74.0,60,AV SIEMPRE VIVA,,PAGADA,14.0,11.0,,,0.0,False
966,M20 CPR,2023-06-22,00:00,87.0,80,AV LIBERTADOR,R03,IMPAGA,7.0,3.0,,,0.0,False
967,INTIGR8,2021-11-06,08:38,81.0,60,AV LIBERTADOR,R03,IMPAGA,21.0,18.0,,,0.0,False
968,CD 056 01,1932-01-01,18:43,66.0,60,AV SIEMPRE VIVA,R01,APELADA,6.0,3.0,,,0.0,False
971,FVIO UHP,1932-01-01,09:44,119.0,60,RUTA 9,R01,ERROR,59.0,56.0,,,0.0,False
973,HK 06 YMX,1932-01-01,09:44,121.0,60,AV LIBERTADOR,R02,PAGADA,61.0,58.0,,,0.0,False
975,M VU 4688,2023-08-25,18:43,132.0,60,AV LIBERTADOR,R03,ERROR,72.0,69.0,,,0.0,False
976,99 998 68,2023-05-05,14:35,109.0,60,AV SIEMPRE VIVA,R01,PAGADA,49.0,46.0,,,0.0,False
977,BB 8986,2022-03-14,09:44,81.0,60,RUTA 9,R02,PAGADA,21.0,18.0,,,0.0,False
979,X IIUME,2023-06-18,14:36,68.0,60,AV SIEMPRE VIVA,R03,APELADA,8.0,5.0,,,0.0,False
982,BM -351,2020-11-04,14:36,81.0,40,AV LIBERTADOR,R03,ERROR,41.0,39.0,,,0.0,False
983,YLO8 WUE,2023-10-07,18:44,59.0,40,AV SIEMPRE VIVA,R01,APELADA,19.0,17.0,,,0.0,False
988,6NCE831,1932-01-01,00:00,111.0,60,AV LIBERTADOR,R03,APELADA,51.0,48.0,,,0.0,False
992,TL03 GOG,2020-01-14,08:39,128.0,60,AV LIBERTADOR,R01,IMPAGA,68.0,65.0,,,0.0,False
995,VY 90 540,2021-03-27,14:36,89.0,60,AV LIBERTADOR,R03,IMPAGA,29.0,26.0,,,0.0,False
996,0695 DVH,1932-01-01,08:39,59.0,40,AV SIEMPRE VIVA,R03,IMPAGA,19.0,17.0,,,0.0,False
997,GLEN1E,1932-01-01,00:00,83.0,40,AV LIBERTADOR,R02,PAGADA,43.0,41.0,,,0.0,False
1000,691 XC 80,2020-11-13,00:00,121.0,60,AV LIBERTADOR,R02,APELADA,61.0,58.0,,,0.0,False
1002,N HZ 1002,1932-01-01,18:44,71.0,40,RUTA 9,R03,IMPAGA,31.0,29.0,,,0.0,False
1007,T0Y DR,2022-12-03,09:45,89.0,60,AV LIBERTADOR,R03,IMPAGA,29.0,26.0,,,0.0,False
1009,HF 3461,2023-02-15,18:45,132.0,80,AV SIEMPRE VIVA,R03,APELADA,52.0,48.0,,,0.0,False
1010,OUTSTDN,1932-01-01,08:40,92.0,40,RUTA 9,R02,ERROR,52.0,50.0,,,0.0,False
1012,HF 3461,2020-06-03,00:00,74.0,40,RUTA 9,,ERROR,34.0,32.0,,,0.0,False
1013,8B90638,2020-11-15,00:00,55.0,40,RUTA 9,R01,PAGADA,15.0,13.0,,,0.0,False
1014,WU08 YWC,2020-08-29,08:40,126.0,80,RUTA 9,R01,ERROR,46.0,42.0,,,0.0,False
1016,BP717,1932-01-01,18:45,82.0,60,AV SIEMPRE VIVA,R03,APELADA,22.0,19.0,,,0.0,False
1018,3646 HBH,2022-08-08,18:45,126.0,60,AV SIEMPRE VIVA,R03,ERROR,66.0,63.0,,,0.0,False
1019,HAMSTUR,2020-11-27,18:45,71.0,60,AV LIBERTADOR,R03,IMPAGA,11.0,8.0,,,0.0,False
1021,T0Y DR,2023-03-14,18:46,79.0,40,AV SIEMPRE VIVA,,APELADA,39.0,37.0,,,0.0,False
1022,831 MDB,2021-10-03,09:46,153.0,80,AV LIBERTADOR,R01,IMPAGA,73.0,69.0,,,0.0,False
1026,81-ZF-JD,2021-02-08,08:40,119.0,40,RUTA 9,R03,APELADA,79.0,77.0,,,0.0,False
1027,HF 3461,1932-01-01,08:40,117.0,60,AV SIEMPRE VIVA,,APELADA,57.0,54.0,,,0.0,False
1032,M VU 4688,2020-01-22,09:46,138.0,60,RUTA 9,R03,IMPAGA,78.0,75.0,,,0.0,False
1033,DI2 LOT,2022-05-15,08:41,114.0,40,AV SIEMPRE VIVA,,APELADA,74.0,72.0,,,0.0,False
1035,VY 90 540,2023-09-24,08:41,118.0,40,AV LIBERTADOR,R02,PAGADA,78.0,76.0,,,0.0,False
1037,HF 58 HXP,2021-03-22,00:00,91.0,80,RUTA 9,R01,IMPAGA,11.0,7.0,,,0.0,False
1043,M20 CPR,1932-01-01,00:00,140.0,60,AV LIBERTADOR,R03,APELADA,80.0,77.0,,,0.0,False
1046,99 998 68,1932-01-01,14:38,101.0,60,RUTA 9,R02,APELADA,41.0,38.0,,,0.0,False
1048,41 RS TZ,1932-01-01,14:38,118.0,60,AV SIEMPRE VIVA,R01,PAGADA,58.0,55.0,,,0.0,False
1049,GOOGLE,1932-01-01,09:47,86.0,40,AV SIEMPRE VIVA,R01,ERROR,46.0,44.0,,,0.0,False
1050,GOOGLE,2023-04-07,00:00,69.0,60,AV LIBERTADOR,,APELADA,9.0,6.0,,,0.0,False
1053,691 XC 80,1932-01-01,08:41,129.0,60,AV LIBERTADOR,R03,ERROR,69.0,66.0,,,0.0,False
1058,BM -351,2023-10-20,09:47,135.0,80,AV LIBERTADOR,,IMPAGA,55.0,51.0,,,0.0,False
1062,UM 96 201,2023-08-10,18:47,93.0,60,AV LIBERTADOR,R03,PAGADA,33.0,30.0,,,0.0,False
1064,RFH 373,2021-07-09,18:47,117.0,80,AV LIBERTADOR,R01,ERROR,37.0,33.0,,,0.0,False
1065,HF 3461,1932-01-01,08:42,120.0,80,AV SIEMPRE VIVA,,PAGADA,40.0,36.0,,,0.0,False
1068,GOOGLE,2023-05-04,14:39,45.0,40,AV SIEMPRE VIVA,,PAGADA,5.0,3.0,,,0.0,False
1069,GLEN1E,1932-01-01,08:42,61.0,40,AV LIBERTADOR,,PAGADA,21.0,19.0,,,0.0,False
1074,T0Y DR,2023-10-10,09:48,157.0,80,AV SIEMPRE VIVA,R02,IMPAGA,77.0,73.0,,,0.0,False
1077,DK 414 N,1932-01-01,08:42,119.0,80,RUTA 9,R02,ERROR,39.0,35.0,,,0.0,False
1079,UW3932,2022-11-27,18:48,141.0,80,AV LIBERTADOR,R01,IMPAGA,61.0,57.0,,,0.0,False
1080,WE FLYN,1932-01-01,14:39,148.0,80,RUTA 9,R01,APELADA,68.0,64.0,,,0.0,False
1081,YLO8 WUE,2022-08-07,14:40,97.0,40,RUTA 9,,PAGADA,57.0,55.0,,,0.0,False
1082,AWS 167,2023-03-17,09:48,131.0,60,AV SIEMPRE VIVA,R03,ERROR,71.0,68.0,,,0.0,False
1085,81-ZF-JD,2023-06-08,18:48,123.0,80,AV LIBERTADOR,R01,IMPAGA,43.0,39.0,,,0.0,False
1087,GN64 OTP,2023-05-19,09:48,101.0,40,AV LIBERTADOR,,IMPAGA,61.0,59.0,,,0.0,False
1088,990 XYK,2024-01-21,18:48,85.0,80,AV SIEMPRE VIVA,R01,ERROR,5.0,1.0,,,0.0,False
1089,UW3932,2021-03-02,08:43,153.0,80,AV LIBERTADOR,R01,IMPAGA,73.0,69.0,,,0.0,False
1090,66 111 72,2024-02-06,00:00,136.0,80,AV SIEMPRE VIVA,R03,PAGADA,56.0,52.0,,,0.0,False
1091,FVIO UHP,2022-05-08,14:40,142.0,80,AV LIBERTADOR,R01,APELADA,62.0,58.0,,,0.0,False
1094,TL03 GOG,2022-07-01,14:40,113.0,60,RUTA 9,R01,PAGADA,53.0,50.0,,,0.0,False
1095,GE 1466,2021-02-15,14:41,86.0,40,RUTA 9,R03,PAGADA,46.0,44.0,,,0.0,False
1097,M43 1ZW,1932-01-01,00:00,69.0,60,AV LIBERTADOR,R02,PAGADA,9.0,6.0,,,0.0,False
1101,6EVY261,2022-03-09,18:49,47.0,40,AV SIEMPRE VIVA,R01,APELADA,7.0,5.0,,,0.0,False
1102,FD 1475,2023-06-12,09:49,140.0,80,RUTA 9,R02,ERROR,60.0,56.0,,,0.0,False
1105,W326 AVE,2023-08-20,14:41,96.0,40,AV LIBERTADOR,,ERROR,56.0,54.0,,,0.0,False
1108,GN64 OTP,1932-01-01,18:49,85.0,60,RUTA 9,R03,ERROR,25.0,22.0,,,0.0,False
1109,T0Y DR,2023-04-11,14:41,90.0,80,AV LIBERTADOR,,ERROR,10.0,6.0,,,0.0,False
1113,INTIGR8,2022-07-15,00:00,95.0,40,AV SIEMPRE VIVA,R02,PAGADA,55.0,53.0,,,0.0,False
1115,6EVY261,1932-01-01,00:00,121.0,80,AV LIBERTADOR,,ERROR,41.0,37.0,,,0.0,False
1117,BHRP 770,2020-01-14,09:49,158.0,80,RUTA 9,,APELADA,78.0,74.0,,,0.0,False
1120,T0Y DR,2020-09-28,18:50,68.0,40,AV LIBERTADOR,R03,IMPAGA,28.0,26.0,,,0.0,False
1125,3646 HBH,2021-08-03,08:44,142.0,80,AV LIBERTADOR,,ERROR,62.0,58.0,,,0.0,False
1126,DK 414 N,2022-05-22,08:44,88.0,40,RUTA 9,R03,ERROR,48.0,46.0,,,0.0,False
1127,29 999 61,2023-11-10,00:00,88.0,60,AV LIBERTADOR,R02,APELADA,28.0,25.0,,,0.0,False
1128,INTIGR8,2023-05-25,00:00,114.0,60,AV SIEMPRE VIVA,R02,APELADA,54.0,51.0,,,0.0,False
1129,X IIUME,1932-01-01,14:42,158.0,80,AV SIEMPRE VIVA,R03,IMPAGA,78.0,74.0,,,0.0,False
1137,AWS 167,1932-01-01,18:50,56.0,40,RUTA 9,R01,ERROR,16.0,14.0,,,0.0,False
1139,GLEN1E,1932-01-01,14:42,75.0,40,AV SIEMPRE VIVA,R02,PAGADA,35.0,33.0,,,0.0,False
1140,990 XYK,2021-06-10,18:50,103.0,40,AV SIEMPRE VIVA,,PAGADA,63.0,61.0,,,0.0,False
1141,J1S1,1932-01-01,00:00,91.0,40,AV SIEMPRE VIVA,R03,APELADA,51.0,49.0,,,0.0,False
1145,66 111 72,2022-11-05,00:00,150.0,80,AV LIBERTADOR,,ERROR,70.0,66.0,,,0.0,False
1147,AI7 OVF,2020-03-16,14:42,114.0,60,AV LIBERTADOR,R01,ERROR,54.0,51.0,,,0.0,False
1148,WU08 YWC,2021-03-01,14:42,146.0,80,AV LIBERTADOR,R03,IMPAGA,66.0,62.0,,,0.0,False
1149,BB 8986,2020-03-05,09:51,73.0,60,RUTA 9,,ERROR,13.0,10.0,,,0.0,False
1150,99 998 68,2023-12-29,08:45,123.0,80,AV LIBERTADOR,,PAGADA,43.0,39.0,,,0.0,False
1155,6NCE831,2023-11-18,08:45,140.0,80,RUTA 9,,IMPAGA,60.0,56.0,,,0.0,False
1156,M43 1ZW,2021-08-20,00:00,114.0,60,AV SIEMPRE VIVA,R03,PAGADA,54.0,51.0,,,0.0,False
1162,6NCE831,2022-02-10,08:46,62.0,40,AV LIBERTADOR,R01,PAGADA,22.0,20.0,,,0.0,False
1164,AWS 167,2020-02-03,08:46,85.0,40,RUTA 9,R01,IMPAGA,45.0,43.0,,,0.0,False
1166,PIW 4215,1932-01-01,08:46,109.0,80,AV SIEMPRE VIVA,,APELADA,29.0,25.0,,,0.0,False
1167,81-ZF-JD,2021-10-18,09:51,113.0,40,AV SIEMPRE VIVA,R02,IMPAGA,73.0,71.0,,,0.0,False
1169,29 999 61,2023-12-02,00:00,155.0,80,RUTA 9,R02,APELADA,75.0,71.0,,,0.0,False
1170,81-ZF-JD,2023-02-06,00:00,116.0,60,AV SIEMPRE VIVA,R02,IMPAGA,56.0,53.0,,,0.0,False
1172,YLO8 WUE,1932-01-01,08:47,108.0,40,AV LIBERTADOR,,IMPAGA,68.0,66.0,,,0.0,False
1173,29 999 61,2023-04-13,14:43,112.0,80,RUTA 9,,PAGADA,32.0,28.0,,,0.0,False
1181,N HZ 1002,2020-11-13,18:51,71.0,40,RUTA 9,R03,APELADA,31.0,29.0,,,0.0,False
1184,HK 06 YMX,1932-01-01,18:52,116.0,60,AV SIEMPRE VIVA,R01,ERROR,56.0,53.0,,,0.0,False
1186,WE FLYN,1932-01-01,09:52,121.0,60,AV LIBERTADOR,R03,ERROR,61.0,58.0,,,0.0,False
1190,FD 1475,2022-03-04,00:00,58.0,40,AV LIBERTADOR,R03,ERROR,18.0,16.0,,,0.0,False
1191,WU08 YWC,2020-05-01,00:00,86.0,80,AV SIEMPRE VIVA,R01,PAGADA,6.0,2.0,,,0.0,False
1193,CT5 B876,1932-01-01,18:52,46.0,40,RUTA 9,R03,ERROR,6.0,4.0,,,0.0,False
1194,M PX 9357,1932-01-01,14:44,143.0,80,AV SIEMPRE VIVA,,ERROR,63.0,59.0,,,0.0,False
1195,AI7 OVF,1932-01-01,09:52,60.0,40,RUTA 9,R01,IMPAGA,20.0,18.0,,,0.0,False
1197,GOOGLE,2023-02-13,08:47,67.0,60,AV LIBERTADOR,R02,PAGADA,7.0,4.0,,,0.0,False
1200,WU08 YWC,1932-01-01,14:44,111.0,60,RUTA 9,R01,IMPAGA,51.0,48.0,,,0.0,False
1203,BB 8986,1932-01-01,00:00,104.0,60,AV LIBERTADOR,R01,APELADA,44.0,41.0,,,0.0,False
1204,HF 3461,1932-01-01,18:53,94.0,80,AV SIEMPRE VIVA,R01,PAGADA,14.0,10.0,,,0.0,False
1208,66 111 72,2020-05-07,18:53,61.0,40,AV LIBERTADOR,R03,ERROR,21.0,19.0,,,0.0,False
1209,GN64 OTP,2021-07-13,09:53,118.0,80,AV LIBERTADOR,R02,PAGADA,38.0,34.0,,,0.0,False
1211,WE FLYN,2022-11-22,09:53,105.0,40,AV SIEMPRE VIVA,,APELADA,65.0,63.0,,,0.0,False
1221,BM -351,2020-05-20,00:00,125.0,80,AV SIEMPRE VIVA,R02,ERROR,45.0,41.0,,,0.0,False
1224,PIW 4215,2023-08-04,14:44,134.0,80,AV SIEMPRE VIVA,,PAGADA,54.0,50.0,,,0.0,False
1226,X IIUME,2021-02-10,09:53,98.0,80,AV LIBERTADOR,,PAGADA,18.0,14.0,,,0.0,False
1230,GCP332,2020-06-08,09:54,111.0,40,AV LIBERTADOR,R01,IMPAGA,71.0,69.0,,,0.0,False
1231,BHRP 770,2022-12-11,14:44,115.0,60,AV LIBERTADOR,R02,APELADA,55.0,52.0,,,0.0,False
1236,T0Y DR,1932-01-01,00:00,120.0,60,AV SIEMPRE VIVA,R02,PAGADA,60.0,57.0,,,0.0,False
1246,WE FLYN,2023-03-05,08:49,46.0,40,RUTA 9,R02,ERROR,6.0,4.0,,,0.0,False
1248,VTII AHV,1932-01-01,14:45,49.0,40,RUTA 9,,PAGADA,9.0,7.0,,,0.0,False
1249,81-ZF-JD,2021-05-19,00:00,120.0,40,RUTA 9,,ERROR,80.0,78.0,,,0.0,False
1251,6EVY261,2023-01-05,14:45,133.0,60,AV SIEMPRE VIVA,,ERROR,73.0,70.0,,,0.0,False
1254,HF 58 HXP,2023-07-28,00:00,86.0,80,AV SIEMPRE VIVA,R03,IMPAGA,6.0,2.0,,,0.0,False
1255,T0Y DR,2020-12-01,09:54,139.0,60,AV LIBERTADOR,R03,APELADA,79.0,76.0,,,0.0,False
1256,BX 55 DOG,2023-02-18,00:00,156.0,80,AV SIEMPRE VIVA,,ERROR,76.0,72.0,,,0.0,False
1257,J1S1,2023-08-09,08:50,60.0,40,AV LIBERTADOR,R01,IMPAGA,20.0,18.0,,,0.0,False
1258,AWS 167,2020-11-05,09:55,107.0,40,AV SIEMPRE VIVA,R01,APELADA,67.0,65.0,,,0.0,False
1259,691 XC 80,2022-11-29,00:00,117.0,80,AV LIBERTADOR,,APELADA,37.0,33.0,,,0.0,False
1260,FD 1475,2022-01-23,08:50,79.0,60,AV SIEMPRE VIVA,R02,IMPAGA,19.0,16.0,,,0.0,False
1263,M43 1ZW,2021-02-19,09:55,120.0,60,RUTA 9,R03,APELADA,60.0,57.0,,,0.0,False
1264,M43 1ZW,2021-09-19,08:50,132.0,60,AV LIBERTADOR,R01,ERROR,72.0,69.0,,,0.0,False
1266,990 XYK,2022-05-24,18:55,109.0,40,RUTA 9,R01,PAGADA,69.0,67.0,,,0.0,False
1270,UW3932,2023-07-14,08:51,117.0,80,RUTA 9,R03,IMPAGA,37.0,33.0,,,0.0,False
1272,WU 341 A,2022-03-02,08:51,76.0,40,AV SIEMPRE VIVA,R02,ERROR,36.0,34.0,,,0.0,False
1273,GN64 OTP,2021-12-23,00:00,78.0,40,AV LIBERTADOR,R01,IMPAGA,38.0,36.0,,,0.0,False
1276,6EVY261,2021-10-24,00:00,107.0,80,AV LIBERTADOR,R02,PAGADA,27.0,23.0,,,0.0,False
1277,DK 414 N,2022-10-01,14:46,103.0,80,AV SIEMPRE VIVA,,IMPAGA,23.0,19.0,,,0.0,False
1279,UW3932,2022-06-13,00:00,68.0,40,RUTA 9,,IMPAGA,28.0,26.0,,,0.0,False
1280,81-ZF-JD,2022-05-03,08:51,103.0,40,RUTA 9,,APELADA,63.0,61.0,,,0.0,False
1281,FVIO UHP,2021-12-23,09:56,113.0,80,AV LIBERTADOR,,IMPAGA,33.0,29.0,,,0.0,False
1284,57 777 70,2022-04-11,18:56,64.0,40,AV SIEMPRE VIVA,R02,IMPAGA,24.0,22.0,,,0.0,False
1286,N HZ 1002,2020-05-20,08:52,79.0,40,AV SIEMPRE VIVA,R03,IMPAGA,39.0,37.0,,,0.0,False
1289,N HZ 1002,2021-10-15,14:46,146.0,80,RUTA 9,R02,ERROR,66.0,62.0,,,0.0,False
1294,TL03 GOG,1932-01-01,00:00,87.0,40,RUTA 9,R01,PAGADA,47.0,45.0,,,0.0,False
1295,990 XYK,2021-08-08,18:56,141.0,80,AV LIBERTADOR,,IMPAGA,61.0,57.0,,,0.0,False
1301,589222,2020-12-17,14:47,122.0,60,AV SIEMPRE VIVA,R02,PAGADA,62.0,59.0,,,0.0,False
1302,589222,2022-04-03,18:56,64.0,60,RUTA 9,R01,ERROR,4.0,1.0,,,0.0,False
1304,8B90638,2021-01-11,09:56,94.0,80,RUTA 9,R02,APELADA,14.0,10.0,,,0.0,False
1305,BM -351,2020-08-12,08:53,81.0,40,AV LIBERTADOR,R02,PAGADA,41.0,39.0,,,0.0,False
1306,810 TCH,2020-05-01,00:00,72.0,40,RUTA 9,,PAGADA,32.0,30.0,,,0.0,False
1309,29 999 61,2023-05-12,14:47,122.0,60,AV LIBERTADOR,R01,PAGADA,62.0,59.0,,,0.0,False
1310,DK 414 N,2023-11-26,09:56,153.0,80,AV LIBERTADOR,R03,PAGADA,73.0,69.0,,,0.0,False
1313,CD 056 01,1932-01-01,14:47,100.0,80,AV LIBERTADOR,R01,ERROR,20.0,16.0,,,0.0,False
1315,831 MDB,2022-12-06,08:54,76.0,60,AV LIBERTADOR,R02,ERROR,16.0,13.0,,,0.0,False
1316,GOOGLE,2023-12-10,09:56,79.0,40,AV SIEMPRE VIVA,,IMPAGA,39.0,37.0,,,0.0,False
1317,B 81 JKY,2023-08-27,08:54,96.0,60,AV LIBERTADOR,,IMPAGA,36.0,33.0,,,0.0,False
1318,GCP332,2023-02-09,09:56,125.0,80,AV LIBERTADOR,R03,APELADA,45.0,41.0,,,0.0,False
1321,UW3932,1932-01-01,14:48,43.0,40,RUTA 9,R03,IMPAGA,3.0,1.0,,,0.0,False
1322,GOOGLE,1932-01-01,00:00,92.0,60,AV LIBERTADOR,,APELADA,32.0,29.0,,,0.0,False
1326,VY 90 540,2022-09-24,18:57,145.0,80,AV LIBERTADOR,R03,APELADA,65.0,61.0,,,0.0,False
1328,W326 AVE,2023-04-13,14:48,126.0,80,AV LIBERTADOR,R02,ERROR,46.0,42.0,,,0.0,False
1329,GOOGLE,2020-03-31,18:57,46.0,40,AV LIBERTADOR,R01,PAGADA,6.0,4.0,,,0.0,False
1330,VNK296 GP,2020-12-05,08:54,107.0,80,RUTA 9,R01,APELADA,27.0,23.0,,,0.0,False
1331,NTHG LFT,1932-01-01,00:00,102.0,80,AV LIBERTADOR,R02,IMPAGA,22.0,18.0,,,0.0,False
1332,UM 96 201,2021-03-27,18:57,91.0,60,AV LIBERTADOR,R02,APELADA,31.0,28.0,,,0.0,False
1335,OUTSTDN,2023-10-27,00:00,58.0,40,RUTA 9,R01,PAGADA,18.0,16.0,,,0.0,False
1336,N HZ 1002,2023-08-22,09:57,96.0,40,AV LIBERTADOR,R01,ERROR,56.0,54.0,,,0.0,False
1337,M VU 4688,2023-12-26,18:57,122.0,60,AV LIBERTADOR,R03,IMPAGA,62.0,59.0,,,0.0,False
1339,RFH 373,1932-01-01,09:57,72.0,40,AV SIEMPRE VIVA,,IMPAGA,32.0,30.0,,,0.0,False
1340,99 998 68,2021-03-22,08:55,128.0,80,AV SIEMPRE VIVA,R03,APELADA,48.0,44.0,,,0.0,False
1342,GLEN1E,2022-03-15,09:57,130.0,60,AV SIEMPRE VIVA,R01,ERROR,70.0,67.0,,,0.0,False
1346,CBM UK,2023-03-12,08:55,117.0,80,AV SIEMPRE VIVA,,IMPAGA,37.0,33.0,,,0.0,False
1348,NTHG LFT,2021-11-28,14:48,98.0,60,AV LIBERTADOR,,PAGADA,38.0,35.0,,,0.0,False
1349,GOOGLE,2023-12-31,18:58,49.0,40,RUTA 9,R02,PAGADA,9.0,7.0,,,0.0,False
1351,691 XC 80,1932-01-01,18:58,78.0,60,AV LIBERTADOR,,APELADA,18.0,15.0,,,0.0,False
1352,B 81 JKY,2020-12-21,00:00,117.0,80,RUTA 9,R01,IMPAGA,37.0,33.0,,,0.0,False
1354,W326 AVE,2021-01-11,14:48,117.0,60,RUTA 9,R03,IMPAGA,57.0,54.0,,,0.0,False
1359,0695 DVH,2020-12-29,09:58,126.0,60,AV SIEMPRE VIVA,R03,PAGADA,66.0,63.0,,,0.0,False
1361,6NCE831,2022-04-10,08:55,75.0,60,AV LIBERTADOR,R01,IMPAGA,15.0,12.0,,,0.0,False
1368,VNK296 GP,2022-02-01,08:56,68.0,60,AV LIBERTADOR,,IMPAGA,8.0,5.0,,,0.0,False
1369,J1S1,2023-07-29,18:59,98.0,80,AV SIEMPRE VIVA,R03,ERROR,18.0,14.0,,,0.0,False
1370,CBM UK,2023-01-25,09:58,112.0,80,AV SIEMPRE VIVA,R03,APELADA,32.0,28.0,,,0.0,False
1372,CBM UK,1932-01-01,09:59,126.0,80,RUTA 9,R03,ERROR,46.0,42.0,,,0.0,False
1373,41 RS TZ,2022-10-08,14:48,43.0,40,AV LIBERTADOR,R01,ERROR,3.0,1.0,,,0.0,False
1374,HAMSTUR,2020-12-11,08:56,107.0,80,RUTA 9,R02,ERROR,27.0,23.0,,,0.0,False
1379,HK 06 YMX,2020-02-04,14:49,91.0,60,RUTA 9,,PAGADA,31.0,28.0,,,0.0,False
1380,BM -351,2021-03-08,08:56,90.0,80,RUTA 9,R01,PAGADA,10.0,6.0,,,0.0,False
1381,BM -351,1932-01-01,14:49,107.0,40,AV LIBERTADOR,R01,APELADA,67.0,65.0,,,0.0,False
1383,M20 CPR,2020-05-18,19:00,99.0,60,AV LIBERTADOR,,APELADA,39.0,36.0,,,0.0,False
1387,6NCE831,2022-06-02,09:59,136.0,80,AV SIEMPRE VIVA,,PAGADA,56.0,52.0,,,0.0,False
1388,29 999 61,1932-01-01,14:50,118.0,80,AV LIBERTADOR,R03,IMPAGA,38.0,34.0,,,0.0,False
1389,VTII AHV,1932-01-01,08:57,57.0,40,RUTA 9,R03,ERROR,17.0,15.0,,,0.0,False
1391,UM 96 201,2023-01-08,08:57,94.0,80,RUTA 9,R03,PAGADA,14.0,10.0,,,0.0,False
1394,41 RS TZ,2022-06-02,08:57,137.0,80,AV LIBERTADOR,R01,ERROR,57.0,53.0,,,0.0,False
1396,CBM UK,2023-11-29,08:57,69.0,40,RUTA 9,R02,PAGADA,29.0,27.0,,,0.0,False
1398,TL03 GOG,2023-03-15,14:50,86.0,60,RUTA 9,R01,IMPAGA,26.0,23.0,,,0.0,False
1399,X IIUME,1932-01-01,00:00,105.0,40,AV LIBERTADOR,R02,IMPAGA,65.0,63.0,,,0.0,False
1401,DI2 LOT,2020-11-14,19:00,98.0,80,AV LIBERTADOR,,APELADA,18.0,14.0,,,0.0,False
1409,691 XC 80,2023-12-12,00:00,145.0,80,AV LIBERTADOR,R02,PAGADA,65.0,61.0,,,0.0,False
1410,HF 3461,1932-01-01,00:00,65.0,60,AV SIEMPRE VIVA,,PAGADA,5.0,2.0,,,0.0,False
1411,AWS 167,1932-01-01,19:01,126.0,80,AV LIBERTADOR,,ERROR,46.0,42.0,,,0.0,False
1412,GE 1466,2022-07-11,14:51,117.0,60,AV SIEMPRE VIVA,R03,PAGADA,57.0,54.0,,,0.0,False
1414,HAMSTUR,2023-11-21,14:51,147.0,80,AV SIEMPRE VIVA,R02,IMPAGA,67.0,63.0,,,0.0,False
1416,FVIO UHP,2020-07-13,10:00,100.0,80,AV LIBERTADOR,R03,ERROR,20.0,16.0,,,0.0,False
1419,W326 AVE,2020-01-28,10:00,72.0,40,RUTA 9,R02,APELADA,32.0,30.0,,,0.0,False
1420,6NCE831,2022-07-01,14:52,108.0,60,AV SIEMPRE VIVA,R03,PAGADA,48.0,45.0,,,0.0,False
1423,FD 1475,2022-12-15,08:58,106.0,80,AV LIBERTADOR,,IMPAGA,26.0,22.0,,,0.0,False
1424,M43 1ZW,2023-11-09,19:01,96.0,80,AV SIEMPRE VIVA,R02,ERROR,16.0,12.0,,,0.0,False
1427,HF 3461,1932-01-01,10:00,98.0,40,AV LIBERTADOR,R01,PAGADA,58.0,56.0,,,0.0,False
1428,BP717,2020-10-12,00:00,55.0,40,AV SIEMPRE VIVA,R03,IMPAGA,15.0,13.0,,,0.0,False
1431,81-ZF-JD,2020-04-28,00:00,120.0,80,AV LIBERTADOR,,ERROR,40.0,36.0,,,0.0,False
1434,NTHG LFT,2022-04-23,19:02,122.0,60,AV LIBERTADOR,R01,PAGADA,62.0,59.0,,,0.0,False
1437,BB 8986,1932-01-01,10:01,102.0,80,AV LIBERTADOR,R03,PAGADA,22.0,18.0,,,0.0,False
1438,N HZ 1002,1932-01-01,14:53,113.0,40,AV LIBERTADOR,R01,APELADA,73.0,71.0,,,0.0,False
1440,OUTSTDN,2020-04-08,19:02,115.0,60,AV LIBERTADOR,,PAGADA,55.0,52.0,,,0.0,False
1443,WU 341 A,2021-07-10,10:01,136.0,60,AV SIEMPRE VIVA,R01,APELADA,76.0,73.0,,,0.0,False
1449,CT5 B876,2020-03-28,08:59,96.0,40,AV SIEMPRE VIVA,R02,PAGADA,56.0,54.0,,,0.0,False
1451,831 MDB,1932-01-01,14:53,100.0,80,RUTA 9,,IMPAGA,20.0,16.0,,,0.0,False
1452,3646 HBH,2022-09-15,08:59,154.0,80,RUTA 9,R02,ERROR,74.0,70.0,,,0.0,False
1454,B 81 JKY,2020-09-18,14:54,110.0,40,AV LIBERTADOR,,IMPAGA,70.0,68.0,,,0.0,False
1458,VNK296 GP,2023-12-21,19:03,99.0,60,AV LIBERTADOR,R01,PAGADA,39.0,36.0,,,0.0,False
1460,66 111 72,2022-11-11,19:03,126.0,80,RUTA 9,R01,ERROR,46.0,42.0,,,0.0,False
1463,MX60 NZA,2022-07-08,14:54,73.0,40,AV SIEMPRE VIVA,R01,ERROR,33.0,31.0,,,0.0,False
1465,GLEN1E,2021-10-22,09:00,89.0,40,RUTA 9,R01,ERROR,49.0,47.0,,,0.0,False
1466,HF 58 HXP,1932-01-01,19:03,121.0,80,RUTA 9,,APELADA,41.0,37.0,,,0.0,False
1468,BHRP 770,2021-02-09,09:00,95.0,80,AV SIEMPRE VIVA,R02,IMPAGA,15.0,11.0,,,0.0,False
1475,AI7 OVF,2022-02-23,19:04,106.0,60,AV LIBERTADOR,,ERROR,46.0,43.0,,,0.0,False
1476,HK 06 YMX,1932-01-01,19:04,125.0,80,AV LIBERTADOR,R01,ERROR,45.0,41.0,,,0.0,False
1477,VTII AHV,1932-01-01,00:00,102.0,60,AV LIBERTADOR,,IMPAGA,42.0,39.0,,,0.0,False
1481,PIW 4215,1932-01-01,00:00,73.0,60,AV LIBERTADOR,R01,PAGADA,13.0,10.0,,,0.0,False
1483,MX60 NZA,1932-01-01,14:54,148.0,80,AV LIBERTADOR,,IMPAGA,68.0,64.0,,,0.0,False
1490,M20 CPR,2020-07-01,14:55,93.0,80,RUTA 9,R01,IMPAGA,13.0,9.0,,,0.0,False
1491,UW3932,2021-11-14,09:02,118.0,60,AV SIEMPRE VIVA,R03,IMPAGA,58.0,55.0,,,0.0,False
1493,UM 96 201,2020-02-29,00:00,118.0,40,AV SIEMPRE VIVA,R03,ERROR,78.0,76.0,,,0.0,False
1495,FVIO UHP,2021-07-03,10:02,119.0,60,AV SIEMPRE VIVA,R01,PAGADA,59.0,56.0,,,0.0,False
1499,N HZ 1002,2023-05-29,10:02,56.0,40,RUTA 9,R01,APELADA,16.0,14.0,,,0.0,False
1500,NTHG LFT,2022-03-23,19:05,81.0,60,RUTA 9,R02,APELADA,21.0,18.0,,,0.0,False
1503,66 111 72,2022-02-23,14:55,92.0,40,AV LIBERTADOR,,PAGADA,52.0,50.0,,,0.0,False
1504,X IIUME,2020-03-18,09:02,100.0,80,AV LIBERTADOR,R02,ERROR,20.0,16.0,,,0.0,False
1505,990 XYK,2023-04-03,10:03,117.0,40,RUTA 9,R01,APELADA,77.0,75.0,,,0.0,False
1510,6NCE831,2023-08-23,00:00,109.0,80,RUTA 9,R03,ERROR,29.0,25.0,,,0.0,False
1513,NTHG LFT,2023-04-17,10:03,114.0,80,RUTA 9,R01,PAGADA,34.0,30.0,,,0.0,False
1514,GLEN1E,2022-03-09,10:03,137.0,80,RUTA 9,R02,ERROR,57.0,53.0,,,0.0,False
1516,MX60 NZA,2021-05-20,14:56,99.0,60,AV SIEMPRE VIVA,R02,ERROR,39.0,36.0,,,0.0,False
1517,BHRP 770,1932-01-01,19:05,101.0,40,RUTA 9,R02,IMPAGA,61.0,59.0,,,0.0,False
1519,B 81 JKY,2021-01-03,00:00,94.0,80,AV SIEMPRE VIVA,R02,APELADA,14.0,10.0,,,0.0,False
1521,HAMSTUR,2022-09-12,09:02,94.0,40,AV SIEMPRE VIVA,R03,APELADA,54.0,52.0,,,0.0,False
1524,810 TCH,2022-05-03,19:06,132.0,60,AV SIEMPRE VIVA,,ERROR,72.0,69.0,,,0.0,False
1525,57 777 70,2021-07-09,00:00,91.0,80,AV SIEMPRE VIVA,,ERROR,11.0,7.0,,,0.0,False
1526,TL03 GOG,2020-03-08,10:04,133.0,80,AV LIBERTADOR,R02,PAGADA,53.0,49.0,,,0.0,False
1528,691 XC 80,2021-01-06,09:03,105.0,60,AV SIEMPRE VIVA,R01,IMPAGA,45.0,42.0,,,0.0,False
1530,3646 HBH,2023-11-12,09:03,123.0,80,AV LIBERTADOR,,PAGADA,43.0,39.0,,,0.0,False
1531,M20 CPR,2020-11-17,00:00,96.0,40,AV SIEMPRE VIVA,R01,APELADA,56.0,54.0,,,0.0,False
1535,HK 06 YMX,2021-05-07,10:04,128.0,60,RUTA 9,R01,ERROR,68.0,65.0,,,0.0,False
1541,TL03 GOG,2020-07-06,19:06,75.0,40,AV SIEMPRE VIVA,R02,PAGADA,35.0,33.0,,,0.0,False
1542,57 777 70,1932-01-01,10:04,88.0,60,AV LIBERTADOR,R02,APELADA,28.0,25.0,,,0.0,False
1547,BX 55 DOG,1932-01-01,00:00,51.0,40,AV LIBERTADOR,R01,PAGADA,11.0,9.0,,,0.0,False
1549,M PX 9357,1932-01-01,14:57,74.0,40,AV SIEMPRE VIVA,R01,PAGADA,34.0,32.0,,,0.0,False
1552,41 RS TZ,2020-10-28,00:00,98.0,80,AV SIEMPRE VIVA,R02,PAGADA,18.0,14.0,,,0.0,False
1554,UW3932,2023-07-08,00:00,87.0,80,AV LIBERTADOR,R03,APELADA,7.0,3.0,,,0.0,False
1559,831 MDB,2020-06-20,09:03,89.0,40,AV SIEMPRE VIVA,R03,IMPAGA,49.0,47.0,,,0.0,False
1561,VNK296 GP,1932-01-01,09:04,120.0,40,AV SIEMPRE VIVA,,APELADA,80.0,78.0,,,0.0,False
1562,29 999 61,2023-02-13,09:04,80.0,40,AV SIEMPRE VIVA,R02,APELADA,40.0,38.0,,,0.0,False
1563,W326 AVE,2023-10-27,10:06,153.0,80,RUTA 9,R01,PAGADA,73.0,69.0,,,0.0,False
1565,OUTSTDN,1932-01-01,09:04,89.0,60,AV LIBERTADOR,R01,PAGADA,29.0,26.0,,,0.0,False
1566,DI2 LOT,2022-01-24,09:04,71.0,40,AV LIBERTADOR,R02,PAGADA,31.0,29.0,,,0.0,False
1570,VY 90 540,2023-05-20,14:58,58.0,40,RUTA 9,R01,APELADA,18.0,16.0,,,0.0,False
1571,GOOGLE,1932-01-01,00:00,46.0,40,RUTA 9,,IMPAGA,6.0,4.0,,,0.0,False
1572,YLO8 WUE,2022-09-15,19:07,119.0,60,AV LIBERTADOR,R01,IMPAGA,59.0,56.0,,,0.0,False
1573,VTII AHV,1932-01-01,09:04,91.0,40,AV LIBERTADOR,R01,APELADA,51.0,49.0,,,0.0,False
1575,66 111 72,2020-01-18,09:05,92.0,40,RUTA 9,,IMPAGA,52.0,50.0,,,0.0,False
1578,TL03 GOG,1932-01-01,10:07,84.0,60,RUTA 9,R02,IMPAGA,24.0,21.0,,,0.0,False
1582,CBM UK,1932-01-01,09:05,87.0,80,AV SIEMPRE VIVA,,APELADA,7.0,3.0,,,0.0,False
1588,MX60 NZA,2020-02-10,19:07,94.0,40,AV SIEMPRE VIVA,R02,ERROR,54.0,52.0,,,0.0,False
1589,691 XC 80,2020-06-20,00:00,134.0,60,AV SIEMPRE VIVA,R02,PAGADA,74.0,71.0,,,0.0,False
1590,FD 1475,2022-08-09,09:06,110.0,40,AV SIEMPRE VIVA,R03,PAGADA,70.0,68.0,,,0.0,False
1595,66 111 72,1932-01-01,10:07,144.0,80,RUTA 9,R01,APELADA,64.0,60.0,,,0.0,False
1596,M43 1ZW,1932-01-01,00:00,122.0,80,AV SIEMPRE VIVA,R02,IMPAGA,42.0,38.0,,,0.0,False
1597,GCP332,2023-01-03,00:00,53.0,40,AV LIBERTADOR,,IMPAGA,13.0,11.0,,,0.0,False
1600,WU08 YWC,2022-08-23,19:08,114.0,80,RUTA 9,,APELADA,34.0,30.0,,,0.0,False
1605,UW3932,2021-07-04,00:00,81.0,60,AV SIEMPRE VIVA,R03,IMPAGA,21.0,18.0,,,0.0,False
1607,810 TCH,1932-01-01,14:59,49.0,40,AV LIBERTADOR,R02,APELADA,9.0,7.0,,,0.0,False
1608,WU08 YWC,2023-10-03,00:00,107.0,60,AV SIEMPRE VIVA,R01,ERROR,47.0,44.0,,,0.0,False
1616,41 RS TZ,1932-01-01,10:08,120.0,80,AV LIBERTADOR,,PAGADA,40.0,36.0,,,0.0,False
1617,990 XYK,2022-10-14,19:09,95.0,60,AV LIBERTADOR,,APELADA,35.0,32.0,,,0.0,False
1618,B 81 JKY,2022-03-28,00:00,105.0,60,AV SIEMPRE VIVA,R01,IMPAGA,45.0,42.0,,,0.0,False
1622,HF 3461,2022-09-12,14:59,45.0,40,RUTA 9,R01,IMPAGA,5.0,3.0,,,0.0,False
1623,810 TCH,2021-09-06,19:09,95.0,80,AV LIBERTADOR,R01,ERROR,15.0,11.0,,,0.0,False
1624,57 777 70,1932-01-01,00:00,106.0,60,AV LIBERTADOR,,APELADA,46.0,43.0,,,0.0,False
1628,FVIO UHP,2022-08-01,00:00,135.0,60,AV LIBERTADOR,R02,IMPAGA,75.0,72.0,,,0.0,False
1630,3646 HBH,1932-01-01,09:07,112.0,40,AV LIBERTADOR,R03,IMPAGA,72.0,70.0,,,0.0,False
1631,W326 AVE,2021-06-23,14:59,90.0,40,AV SIEMPRE VIVA,R02,APELADA,50.0,48.0,,,0.0,False
1632,HF 3461,2021-04-09,00:00,57.0,40,AV SIEMPRE VIVA,R01,APELADA,17.0,15.0,,,0.0,False
1634,B 81 JKY,2022-01-10,10:09,123.0,60,AV SIEMPRE VIVA,R03,PAGADA,63.0,60.0,,,0.0,False
1636,0695 DVH,2023-05-03,19:10,151.0,80,RUTA 9,R02,ERROR,71.0,67.0,,,0.0,False
1641,81-ZF-JD,2023-10-23,15:00,91.0,60,AV LIBERTADOR,R03,ERROR,31.0,28.0,,,0.0,False
1644,WE FLYN,1932-01-01,15:00,109.0,80,AV LIBERTADOR,R03,PAGADA,29.0,25.0,,,0.0,False
1645,TL03 GOG,2023-01-01,10:09,111.0,60,AV LIBERTADOR,R03,APELADA,51.0,48.0,,,0.0,False
1647,RFH 373,1932-01-01,15:00,86.0,60,RUTA 9,R02,IMPAGA,26.0,23.0,,,0.0,False
1650,41 RS TZ,2022-05-17,10:10,78.0,60,RUTA 9,R02,PAGADA,18.0,15.0,,,0.0,False
1651,VNK296 GP,2021-12-29,09:08,89.0,80,RUTA 9,R03,ERROR,9.0,5.0,,,0.0,False
1653,CD 056 01,2020-11-21,19:10,135.0,60,AV SIEMPRE VIVA,R02,PAGADA,75.0,72.0,,,0.0,False
1654,HK 06 YMX,2023-11-01,15:00,160.0,80,RUTA 9,,PAGADA,80.0,76.0,,,0.0,False
1657,6EVY261,1932-01-01,00:00,75.0,60,AV SIEMPRE VIVA,R01,IMPAGA,15.0,12.0,,,0.0,False
1664,CD 056 01,1932-01-01,19:11,71.0,40,AV LIBERTADOR,R03,ERROR,31.0,29.0,,,0.0,False
1665,GOOGLE,2021-04-08,09:08,79.0,60,RUTA 9,R03,PAGADA,19.0,16.0,,,0.0,False
1667,W326 AVE,2023-02-04,10:10,127.0,60,AV SIEMPRE VIVA,,IMPAGA,67.0,64.0,,,0.0,False
1668,FVIO UHP,2022-06-03,10:11,84.0,60,AV LIBERTADOR,R01,IMPAGA,24.0,21.0,,,0.0,False
1673,GN64 OTP,2023-03-24,19:11,158.0,80,RUTA 9,,IMPAGA,78.0,74.0,,,0.0,False
1680,M PX 9357,2022-06-01,09:08,151.0,80,AV LIBERTADOR,R03,APELADA,71.0,67.0,,,0.0,False
1683,810 TCH,2021-03-23,10:11,116.0,80,AV SIEMPRE VIVA,,APELADA,36.0,32.0,,,0.0,False
1686,FVIO UHP,2022-06-15,19:12,43.0,40,RUTA 9,R01,PAGADA,3.0,1.0,,,0.0,False
1687,589222,2023-08-05,09:09,81.0,60,RUTA 9,,ERROR,21.0,18.0,,,0.0,False
1692,HAMSTUR,2020-08-01,19:12,116.0,40,AV LIBERTADOR,R03,APELADA,76.0,74.0,,,0.0,False
1700,M20 CPR,2020-12-18,09:10,97.0,80,AV SIEMPRE VIVA,R01,ERROR,17.0,13.0,,,0.0,False
1701,99 998 68,2020-01-19,10:12,89.0,60,RUTA 9,R01,APELADA,29.0,26.0,,,0.0,False
1702,WU08 YWC,2022-08-02,19:13,80.0,40,RUTA 9,R02,PAGADA,40.0,38.0,,,0.0,False
1707,6EVY261,2021-07-23,19:13,103.0,80,AV LIBERTADOR,,ERROR,23.0,19.0,,,0.0,False
1708,990 XYK,1932-01-01,09:10,89.0,80,AV SIEMPRE VIVA,,PAGADA,9.0,5.0,,,0.0,False
1709,RFH 373,2023-05-07,19:13,123.0,80,AV SIEMPRE VIVA,,ERROR,43.0,39.0,,,0.0,False
1711,TL03 GOG,1932-01-01,00:00,80.0,40,AV LIBERTADOR,R01,IMPAGA,40.0,38.0,,,0.0,False
1713,M20 CPR,2020-03-30,09:10,125.0,80,AV LIBERTADOR,,IMPAGA,45.0,41.0,,,0.0,False
1716,BP717,2020-03-08,19:14,94.0,40,AV SIEMPRE VIVA,R03,PAGADA,54.0,52.0,,,0.0,False
1717,CD 056 01,2023-02-07,19:14,118.0,40,RUTA 9,R02,IMPAGA,78.0,76.0,,,0.0,False
1720,M43 1ZW,2021-10-26,10:12,86.0,60,AV LIBERTADOR,R01,ERROR,26.0,23.0,,,0.0,False
1724,8B90638,2021-09-14,15:02,104.0,80,AV SIEMPRE VIVA,R02,ERROR,24.0,20.0,,,0.0,False
1726,RFH 373,2020-06-13,15:03,110.0,60,AV LIBERTADOR,R02,IMPAGA,50.0,47.0,,,0.0,False
1729,HF 58 HXP,2020-02-14,19:15,97.0,60,RUTA 9,R01,PAGADA,37.0,34.0,,,0.0,False
1730,RFH 373,1932-01-01,09:11,53.0,40,AV LIBERTADOR,,ERROR,13.0,11.0,,,0.0,False
1731,B 81 JKY,2020-06-14,09:11,92.0,40,AV SIEMPRE VIVA,R01,APELADA,52.0,50.0,,,0.0,False
1733,UM 96 201,2020-03-20,19:15,125.0,80,AV LIBERTADOR,R02,APELADA,45.0,41.0,,,0.0,False
1735,AI7 OVF,2020-05-01,00:00,151.0,80,AV SIEMPRE VIVA,R02,ERROR,71.0,67.0,,,0.0,False
1736,BP717,2021-01-23,19:15,65.0,40,AV LIBERTADOR,R03,IMPAGA,25.0,23.0,,,0.0,False
1737,81-ZF-JD,2023-10-06,00:00,87.0,40,AV LIBERTADOR,R03,APELADA,47.0,45.0,,,0.0,False
1743,M VU 4688,1932-01-01,19:16,72.0,40,AV SIEMPRE VIVA,R03,ERROR,32.0,30.0,,,0.0,False
1746,HF 58 HXP,2023-10-01,00:00,112.0,40,RUTA 9,R03,PAGADA,72.0,70.0,,,0.0,False
1748,BP717,2023-04-25,10:13,139.0,80,AV SIEMPRE VIVA,R03,IMPAGA,59.0,55.0,,,0.0,False
1749,N HZ 1002,2021-07-09,19:16,102.0,40,AV SIEMPRE VIVA,R01,APELADA,62.0,60.0,,,0.0,False
1751,GE 1466,2020-06-06,15:03,146.0,80,AV LIBERTADOR,R02,ERROR,66.0,62.0,,,0.0,False
1752,WE FLYN,2023-09-04,15:03,145.0,80,AV LIBERTADOR,R03,ERROR,65.0,61.0,,,0.0,False
1754,66 111 72,2023-02-19,10:14,89.0,60,AV SIEMPRE VIVA,R02,APELADA,29.0,26.0,,,0.0,False
1755,T0Y DR,1932-01-01,10:14,97.0,80,RUTA 9,,PAGADA,17.0,13.0,,,0.0,False
1760,PIW 4215,2021-08-10,10:14,137.0,80,AV SIEMPRE VIVA,R03,ERROR,57.0,53.0,,,0.0,False
1761,GCP332,2020-08-02,09:12,89.0,40,AV SIEMPRE VIVA,R01,APELADA,49.0,47.0,,,0.0,False
1762,GE 1466,2021-11-04,19:16,87.0,60,AV SIEMPRE VIVA,,IMPAGA,27.0,24.0,,,0.0,False
1763,GCP332,2020-06-11,10:15,110.0,40,RUTA 9,R02,ERROR,70.0,68.0,,,0.0,False
1765,BHRP 770,2021-04-19,15:04,104.0,80,RUTA 9,,ERROR,24.0,20.0,,,0.0,False
1766,GN64 OTP,2022-06-28,15:04,123.0,60,AV LIBERTADOR,R01,PAGADA,63.0,60.0,,,0.0,False
1767,AWS 167,2022-10-30,10:15,128.0,80,AV LIBERTADOR,R02,APELADA,48.0,44.0,,,0.0,False
1770,VTII AHV,2020-08-04,09:12,143.0,80,RUTA 9,R03,APELADA,63.0,59.0,,,0.0,False
1771,OUTSTDN,2020-12-22,19:16,67.0,40,AV LIBERTADOR,,PAGADA,27.0,25.0,,,0.0,False
1777,81-ZF-JD,1932-01-01,19:17,116.0,60,AV LIBERTADOR,R01,ERROR,56.0,53.0,,,0.0,False
1778,M VU 4688,2020-09-07,19:17,84.0,60,AV SIEMPRE VIVA,,IMPAGA,24.0,21.0,,,0.0,False
1779,J1S1,2023-05-21,10:15,112.0,40,AV SIEMPRE VIVA,R01,ERROR,72.0,70.0,,,0.0,False
1780,M20 CPR,1932-01-01,10:16,150.0,80,AV LIBERTADOR,R03,APELADA,70.0,66.0,,,0.0,False
1783,99 998 68,2021-07-27,19:17,91.0,80,AV LIBERTADOR,,PAGADA,11.0,7.0,,,0.0,False
1788,831 MDB,2020-03-22,10:16,105.0,80,AV SIEMPRE VIVA,R03,ERROR,25.0,21.0,,,0.0,False
1789,RFH 373,2023-09-26,10:17,153.0,80,AV SIEMPRE VIVA,,APELADA,73.0,69.0,,,0.0,False
1790,CT5 B876,2023-03-24,15:05,59.0,40,AV LIBERTADOR,R03,PAGADA,19.0,17.0,,,0.0,False
1792,CT5 B876,2021-07-09,15:05,132.0,60,AV LIBERTADOR,,IMPAGA,72.0,69.0,,,0.0,False
1793,GOOGLE,1932-01-01,19:17,129.0,80,AV LIBERTADOR,R02,ERROR,49.0,45.0,,,0.0,False
1794,6EVY261,2022-09-27,00:00,65.0,60,RUTA 9,R02,PAGADA,5.0,2.0,,,0.0,False
1797,99 998 68,1932-01-01,15:05,101.0,80,AV SIEMPRE VIVA,R02,IMPAGA,21.0,17.0,,,0.0,False
1798,6EVY261,1932-01-01,09:12,133.0,60,AV LIBERTADOR,,PAGADA,73.0,70.0,,,0.0,False
1801,AWS 167,2022-12-07,15:05,61.0,40,AV SIEMPRE VIVA,R03,ERROR,21.0,19.0,,,0.0,False
1803,GN64 OTP,2023-06-05,10:17,49.0,40,RUTA 9,,PAGADA,9.0,7.0,,,0.0,False
1804,M VU 4688,2023-03-21,09:13,97.0,80,AV SIEMPRE VIVA,R01,ERROR,17.0,13.0,,,0.0,False
1805,WE FLYN,2022-07-22,15:06,46.0,40,AV SIEMPRE VIVA,,ERROR,6.0,4.0,,,0.0,False
1806,FD 1475,1932-01-01,15:06,82.0,60,AV SIEMPRE VIVA,R03,IMPAGA,22.0,19.0,,,0.0,False
1810,99 998 68,2022-06-15,00:00,158.0,80,AV LIBERTADOR,R03,ERROR,78.0,74.0,,,0.0,False
1812,MX60 NZA,2020-08-25,15:06,83.0,60,AV LIBERTADOR,R02,APELADA,23.0,20.0,,,0.0,False
1814,GLEN1E,2020-09-02,09:13,118.0,80,AV SIEMPRE VIVA,R01,ERROR,38.0,34.0,,,0.0,False
1817,VNK296 GP,2021-08-22,00:00,88.0,40,AV SIEMPRE VIVA,R02,APELADA,48.0,46.0,,,0.0,False
1820,MX60 NZA,2023-12-29,15:07,134.0,60,RUTA 9,,PAGADA,74.0,71.0,,,0.0,False
1821,831 MDB,1932-01-01,19:18,95.0,40,AV LIBERTADOR,,IMPAGA,55.0,53.0,,,0.0,False
1822,GCP332,1932-01-01,09:13,101.0,80,AV LIBERTADOR,R03,APELADA,21.0,17.0,,,0.0,False
1828,810 TCH,2023-03-25,09:14,160.0,80,AV LIBERTADOR,R01,IMPAGA,80.0,76.0,,,0.0,False
1831,OUTSTDN,2020-10-30,15:07,137.0,60,RUTA 9,R02,ERROR,77.0,74.0,,,0.0,False
1832,J1S1,2022-05-31,09:14,48.0,40,RUTA 9,R02,APELADA,8.0,6.0,,,0.0,False
1833,M VU 4688,2022-10-30,00:00,74.0,60,RUTA 9,R01,APELADA,14.0,11.0,,,0.0,False
1840,3646 HBH,1932-01-01,09:15,86.0,40,AV LIBERTADOR,R03,APELADA,46.0,44.0,,,0.0,False
1841,DK 414 N,2021-04-01,09:15,124.0,60,AV SIEMPRE VIVA,,IMPAGA,64.0,61.0,,,0.0,False
1842,831 MDB,2020-09-22,09:15,98.0,40,AV LIBERTADOR,,ERROR,58.0,56.0,,,0.0,False
1845,W326 AVE,1932-01-01,09:15,78.0,60,AV LIBERTADOR,R03,PAGADA,18.0,15.0,,,0.0,False
1847,BHRP 770,2021-04-07,09:16,67.0,40,RUTA 9,R03,APELADA,27.0,25.0,,,0.0,False
1848,DK 414 N,2020-05-28,09:16,81.0,40,AV SIEMPRE VIVA,R01,PAGADA,41.0,39.0,,,0.0,False
1851,HAMSTUR,2021-11-13,19:19,95.0,40,AV LIBERTADOR,R01,ERROR,55.0,53.0,,,0.0,False
1852,810 TCH,2022-06-02,09:16,70.0,40,AV LIBERTADOR,,APELADA,30.0,28.0,,,0.0,False
1853,HF 3461,2021-07-16,00:00,79.0,60,AV SIEMPRE VIVA,,PAGADA,19.0,16.0,,,0.0,False
1854,YLO8 WUE,2020-02-01,10:19,98.0,80,AV LIBERTADOR,R02,IMPAGA,18.0,14.0,,,0.0,False
1855,T0Y DR,1932-01-01,09:16,105.0,60,AV SIEMPRE VIVA,R01,ERROR,45.0,42.0,,,0.0,False
1857,GCP332,1932-01-01,00:00,159.0,80,RUTA 9,R01,IMPAGA,79.0,75.0,,,0.0,False
1861,CD 056 01,2022-05-18,15:07,120.0,60,RUTA 9,R03,IMPAGA,60.0,57.0,,,0.0,False
1863,WU 341 A,1932-01-01,00:00,123.0,60,AV SIEMPRE VIVA,R01,PAGADA,63.0,60.0,,,0.0,False
1865,M VU 4688,2023-02-25,00:00,88.0,60,AV SIEMPRE VIVA,R02,IMPAGA,28.0,25.0,,,0.0,False
1866,GLEN1E,2020-03-02,15:07,122.0,60,RUTA 9,,IMPAGA,62.0,59.0,,,0.0,False
1867,GN64 OTP,1932-01-01,00:00,44.0,40,AV LIBERTADOR,R01,ERROR,4.0,2.0,,,0.0,False
1872,GCP332,2021-02-28,15:08,96.0,40,RUTA 9,R03,ERROR,56.0,54.0,,,0.0,False
1876,VTII AHV,2022-11-20,00:00,110.0,60,AV LIBERTADOR,R03,PAGADA,50.0,47.0,,,0.0,False
1878,AWS 167,1932-01-01,10:20,144.0,80,AV LIBERTADOR,R01,PAGADA,64.0,60.0,,,0.0,False
1880,UW3932,2020-09-04,15:08,96.0,40,AV LIBERTADOR,R01,ERROR,56.0,54.0,,,0.0,False
1887,810 TCH,2023-02-14,00:00,91.0,80,AV LIBERTADOR,,PAGADA,11.0,7.0,,,0.0,False
1892,WU 341 A,2023-04-15,19:20,109.0,80,AV LIBERTADOR,R01,IMPAGA,29.0,25.0,,,0.0,False
1894,RFH 373,1932-01-01,09:18,75.0,40,AV LIBERTADOR,R03,ERROR,35.0,33.0,,,0.0,False
1899,PIW 4215,1932-01-01,00:00,93.0,80,RUTA 9,R02,IMPAGA,13.0,9.0,,,0.0,False
1901,B 81 JKY,2023-10-15,00:00,75.0,60,AV LIBERTADOR,R01,APELADA,15.0,12.0,,,0.0,False
1904,M43 1ZW,2021-05-23,00:00,66.0,40,AV SIEMPRE VIVA,,APELADA,26.0,24.0,,,0.0,False
1907,29 999 61,1932-01-01,10:20,157.0,80,RUTA 9,R03,IMPAGA,77.0,73.0,,,0.0,False
1910,HAMSTUR,2020-09-16,19:21,111.0,40,AV LIBERTADOR,R03,APELADA,71.0,69.0,,,0.0,False
1912,8B90638,1932-01-01,00:00,112.0,60,AV LIBERTADOR,,IMPAGA,52.0,49.0,,,0.0,False
1914,HF 58 HXP,2023-02-07,00:00,78.0,40,AV LIBERTADOR,R01,PAGADA,38.0,36.0,,,0.0,False
1915,M VU 4688,2022-06-01,15:10,79.0,60,AV SIEMPRE VIVA,R02,APELADA,19.0,16.0,,,0.0,False
1918,831 MDB,2022-05-28,19:21,104.0,80,AV LIBERTADOR,,IMPAGA,24.0,20.0,,,0.0,False
1919,TL03 GOG,1932-01-01,19:21,83.0,40,RUTA 9,R02,IMPAGA,43.0,41.0,,,0.0,False
1920,GN64 OTP,2022-06-18,15:10,99.0,80,AV SIEMPRE VIVA,R02,IMPAGA,19.0,15.0,,,0.0,False
1921,M43 1ZW,1932-01-01,09:19,105.0,60,AV SIEMPRE VIVA,R03,PAGADA,45.0,42.0,,,0.0,False
1922,INTIGR8,2023-06-05,00:00,74.0,40,AV LIBERTADOR,,APELADA,34.0,32.0,,,0.0,False
1924,M20 CPR,2022-08-28,00:00,116.0,60,AV SIEMPRE VIVA,R01,ERROR,56.0,53.0,,,0.0,False
1927,M20 CPR,2020-07-28,09:20,155.0,80,AV LIBERTADOR,,IMPAGA,75.0,71.0,,,0.0,False
1934,WU08 YWC,2022-06-01,15:10,159.0,80,AV LIBERTADOR,R02,ERROR,79.0,75.0,,,0.0,False
1935,T0Y DR,1932-01-01,10:21,102.0,60,AV SIEMPRE VIVA,,PAGADA,42.0,39.0,,,0.0,False
1936,GOOGLE,2021-08-20,09:20,129.0,80,AV LIBERTADOR,R02,IMPAGA,49.0,45.0,,,0.0,False
1939,BB 8986,2023-01-23,19:21,101.0,60,RUTA 9,,ERROR,41.0,38.0,,,0.0,False
1943,DK 414 N,1932-01-01,10:22,100.0,40,AV SIEMPRE VIVA,R03,PAGADA,60.0,58.0,,,0.0,False
1944,WU08 YWC,1932-01-01,09:20,77.0,40,AV SIEMPRE VIVA,,ERROR,37.0,35.0,,,0.0,False
1947,RFH 373,2023-05-21,19:22,74.0,60,AV SIEMPRE VIVA,R03,IMPAGA,14.0,11.0,,,0.0,False
1948,CT5 B876,1932-01-01,19:22,155.0,80,RUTA 9,R01,APELADA,75.0,71.0,,,0.0,False
1951,41 RS TZ,2020-12-14,19:22,116.0,40,RUTA 9,R01,ERROR,76.0,74.0,,,0.0,False
1953,FVIO UHP,1932-01-01,09:20,115.0,60,AV SIEMPRE VIVA,R03,IMPAGA,55.0,52.0,,,0.0,False
1954,AWS 167,2022-03-09,15:11,150.0,80,RUTA 9,R03,ERROR,70.0,66.0,,,0.0,False
1955,0695 DVH,2021-12-05,19:23,139.0,60,AV LIBERTADOR,R01,PAGADA,79.0,76.0,,,0.0,False
1956,VY 90 540,2022-06-21,00:00,46.0,40,RUTA 9,R02,ERROR,6.0,4.0,,,0.0,False
1958,GCP332,2021-06-07,00:00,124.0,80,AV LIBERTADOR,R01,APELADA,44.0,40.0,,,0.0,False
1968,OUTSTDN,2022-02-21,00:00,117.0,80,AV LIBERTADOR,R03,ERROR,37.0,33.0,,,0.0,False
1970,VY 90 540,2022-02-13,09:21,116.0,60,RUTA 9,R02,PAGADA,56.0,53.0,,,0.0,False
1979,HAMSTUR,2021-01-23,10:23,107.0,40,RUTA 9,R02,APELADA,67.0,65.0,,,0.0,False
1981,GN64 OTP,2021-05-03,10:23,107.0,40,AV LIBERTADOR,R01,PAGADA,67.0,65.0,,,0.0,False
1984,AWS 167,1932-01-01,15:11,78.0,40,AV LIBERTADOR,R03,APELADA,38.0,36.0,,,0.0,False
1985,M43 1ZW,1932-01-01,19:25,137.0,80,AV SIEMPRE VIVA,R01,ERROR,57.0,53.0,,,0.0,False
1989,W326 AVE,2022-10-12,15:12,109.0,40,AV LIBERTADOR,R03,APELADA,69.0,67.0,,,0.0,False
1990,BB 8986,1932-01-01,10:23,121.0,80,AV SIEMPRE VIVA,,ERROR,41.0,37.0,,,0.0,False
1999,X IIUME,2021-01-01,10:24,131.0,80,AV LIBERTADOR,R02,ERROR,51.0,47.0,,,0.0,False
2000,CT5 B876,2021-06-20,19:25,86.0,40,RUTA 9,R01,APELADA,46.0,44.0,,,0.0,False
2002,HF 3461,2021-04-10,10:24,100.0,80,RUTA 9,R01,APELADA,20.0,16.0,,,0.0,False
2003,0695 DVH,1932-01-01,19:26,154.0,80,RUTA 9,R01,APELADA,74.0,70.0,,,0.0,False
2005,810 TCH,2021-08-18,09:22,64.0,40,AV SIEMPRE VIVA,R01,APELADA,24.0,22.0,,,0.0,False
2007,8B90638,1932-01-01,15:12,84.0,60,RUTA 9,R01,ERROR,24.0,21.0,,,0.0,False
2008,W326 AVE,2022-09-19,15:13,93.0,60,AV LIBERTADOR,R02,APELADA,33.0,30.0,,,0.0,False
2009,3646 HBH,2023-03-05,00:00,120.0,60,AV SIEMPRE VIVA,R02,IMPAGA,60.0,57.0,,,0.0,False
2010,831 MDB,2021-04-25,00:00,75.0,40,RUTA 9,R03,APELADA,35.0,33.0,,,0.0,False
2011,990 XYK,2020-07-18,09:22,118.0,80,RUTA 9,R03,IMPAGA,38.0,34.0,,,0.0,False
2012,N HZ 1002,2021-05-05,19:26,128.0,80,RUTA 9,R01,IMPAGA,48.0,44.0,,,0.0,False
2014,AWS 167,2021-03-15,15:13,159.0,80,AV LIBERTADOR,R01,IMPAGA,79.0,75.0,,,0.0,False
2017,M43 1ZW,2023-09-19,00:00,122.0,80,RUTA 9,R03,ERROR,42.0,38.0,,,0.0,False
2019,UM 96 201,2023-06-23,09:22,112.0,40,AV SIEMPRE VIVA,R02,APELADA,72.0,70.0,,,0.0,False
2020,99 998 68,2023-12-16,19:27,89.0,40,AV LIBERTADOR,,ERROR,49.0,47.0,,,0.0,False
2021,AWS 167,1932-01-01,19:27,51.0,40,AV SIEMPRE VIVA,R01,PAGADA,11.0,9.0,,,0.0,False
2022,810 TCH,1932-01-01,00:00,81.0,60,AV LIBERTADOR,R02,IMPAGA,21.0,18.0,,,0.0,False
2023,INTIGR8,1932-01-01,19:27,105.0,60,AV SIEMPRE VIVA,R02,ERROR,45.0,42.0,,,0.0,False
2026,HK 06 YMX,1932-01-01,19:27,116.0,40,RUTA 9,,ERROR,76.0,74.0,,,0.0,False
2029,66 111 72,1932-01-01,09:23,115.0,80,AV LIBERTADOR,,PAGADA,35.0,31.0,,,0.0,False
2032,GE 1466,1932-01-01,00:00,106.0,80,AV LIBERTADOR,R03,ERROR,26.0,22.0,,,0.0,False
2033,CBM UK,1932-01-01,15:13,85.0,60,AV LIBERTADOR,R01,PAGADA,25.0,22.0,,,0.0,False
2036,3646 HBH,2020-10-19,09:23,86.0,40,RUTA 9,R01,ERROR,46.0,44.0,,,0.0,False
2040,FD 1475,1932-01-01,19:28,97.0,60,AV SIEMPRE VIVA,R01,IMPAGA,37.0,34.0,,,0.0,False
2042,X IIUME,2022-09-11,09:23,81.0,60,AV LIBERTADOR,R01,PAGADA,21.0,18.0,,,0.0,False
2044,66 111 72,1932-01-01,09:24,155.0,80,AV SIEMPRE VIVA,R02,IMPAGA,75.0,71.0,,,0.0,False
2050,0695 DVH,2023-07-05,15:14,116.0,60,AV LIBERTADOR,R01,IMPAGA,56.0,53.0,,,0.0,False
2055,W326 AVE,1932-01-01,19:28,159.0,80,AV LIBERTADOR,R01,IMPAGA,79.0,75.0,,,0.0,False
2060,VNK296 GP,2023-10-26,19:29,149.0,80,RUTA 9,R02,PAGADA,69.0,65.0,,,0.0,False
2061,41 RS TZ,2022-06-10,10:25,44.0,40,RUTA 9,,ERROR,4.0,2.0,,,0.0,False
2065,PIW 4215,2020-07-31,09:25,85.0,60,AV LIBERTADOR,R01,PAGADA,25.0,22.0,,,0.0,False
2074,GN64 OTP,2020-05-13,19:29,95.0,80,RUTA 9,R02,ERROR,15.0,11.0,,,0.0,False
2075,CT5 B876,1932-01-01,19:29,103.0,80,AV LIBERTADOR,R02,PAGADA,23.0,19.0,,,0.0,False
2078,N HZ 1002,2021-01-06,19:30,111.0,60,AV SIEMPRE VIVA,R01,IMPAGA,51.0,48.0,,,0.0,False
2081,BM -351,2023-01-22,00:00,96.0,60,AV LIBERTADOR,R03,APELADA,36.0,33.0,,,0.0,False
2082,VY 90 540,2022-06-01,09:25,58.0,40,AV SIEMPRE VIVA,R02,ERROR,18.0,16.0,,,0.0,False
2085,831 MDB,2022-08-19,00:00,101.0,40,RUTA 9,,IMPAGA,61.0,59.0,,,0.0,False
2088,B 81 JKY,2020-07-02,15:15,107.0,80,AV LIBERTADOR,R01,PAGADA,27.0,23.0,,,0.0,False
2091,41 RS TZ,2021-03-01,19:30,85.0,80,AV LIBERTADOR,R03,APELADA,5.0,1.0,,,0.0,False
2093,CBM UK,2022-12-31,09:26,87.0,80,AV LIBERTADOR,R01,ERROR,7.0,3.0,,,0.0,False
2100,GN64 OTP,1932-01-01,15:16,51.0,40,RUTA 9,R01,ERROR,11.0,9.0,,,0.0,False
2102,810 TCH,2023-12-25,15:16,60.0,40,AV LIBERTADOR,R01,PAGADA,20.0,18.0,,,0.0,False
2107,BB 8986,2021-09-29,10:27,91.0,80,RUTA 9,R02,APELADA,11.0,7.0,,,0.0,False
2108,RFH 373,2022-04-14,10:27,100.0,60,RUTA 9,R01,ERROR,40.0,37.0,,,0.0,False
2109,AWS 167,2022-11-16,00:00,73.0,40,AV LIBERTADOR,R03,IMPAGA,33.0,31.0,,,0.0,False
2110,WE FLYN,1932-01-01,09:27,116.0,60,AV LIBERTADOR,R01,IMPAGA,56.0,53.0,,,0.0,False
2112,HK 06 YMX,1932-01-01,10:27,148.0,80,AV SIEMPRE VIVA,R03,APELADA,68.0,64.0,,,0.0,False
2113,BP717,1932-01-01,09:27,92.0,40,RUTA 9,,ERROR,52.0,50.0,,,0.0,False
2114,CBM UK,2021-06-08,10:27,111.0,80,AV LIBERTADOR,,PAGADA,31.0,27.0,,,0.0,False
2115,GLEN1E,1932-01-01,00:00,89.0,60,AV LIBERTADOR,R02,ERROR,29.0,26.0,,,0.0,False
2118,FD 1475,2022-01-27,00:00,106.0,60,AV LIBERTADOR,R01,IMPAGA,46.0,43.0,,,0.0,False
2120,29 999 61,2022-08-03,09:27,139.0,60,RUTA 9,R02,APELADA,79.0,76.0,,,0.0,False
2123,J1S1,2021-04-06,19:30,44.0,40,AV SIEMPRE VIVA,R01,IMPAGA,4.0,2.0,,,0.0,False
2128,6NCE831,2021-12-28,09:27,141.0,80,AV SIEMPRE VIVA,R02,IMPAGA,61.0,57.0,,,0.0,False
2130,831 MDB,2021-09-20,00:00,90.0,60,RUTA 9,R01,ERROR,30.0,27.0,,,0.0,False
2141,HK 06 YMX,2022-03-15,10:29,149.0,80,AV LIBERTADOR,R01,IMPAGA,69.0,65.0,,,0.0,False
2146,YLO8 WUE,2023-12-25,00:00,113.0,40,AV LIBERTADOR,R03,IMPAGA,73.0,71.0,,,0.0,False
2147,66 111 72,2021-01-20,00:00,93.0,40,AV LIBERTADOR,R02,ERROR,53.0,51.0,,,0.0,False
2149,INTIGR8,1932-01-01,19:31,72.0,60,AV SIEMPRE VIVA,R01,PAGADA,12.0,9.0,,,0.0,False
2151,HAMSTUR,1932-01-01,10:30,134.0,80,RUTA 9,R02,APELADA,54.0,50.0,,,0.0,False
2152,GN64 OTP,1932-01-01,00:00,56.0,40,AV SIEMPRE VIVA,R01,ERROR,16.0,14.0,,,0.0,False
2154,FD 1475,2020-04-21,10:30,82.0,60,RUTA 9,R02,PAGADA,22.0,19.0,,,0.0,False
2156,AI7 OVF,1932-01-01,09:28,113.0,80,AV LIBERTADOR,R02,ERROR,33.0,29.0,,,0.0,False
2157,RFH 373,2020-11-24,19:31,115.0,80,AV SIEMPRE VIVA,R03,ERROR,35.0,31.0,,,0.0,False
2160,PIW 4215,2021-01-17,00:00,136.0,60,AV LIBERTADOR,R02,APELADA,76.0,73.0,,,0.0,False
2161,VY 90 540,2021-05-15,10:30,95.0,40,AV LIBERTADOR,R01,ERROR,55.0,53.0,,,0.0,False
2167,WU 341 A,2020-12-12,19:32,103.0,40,AV LIBERTADOR,R02,ERROR,63.0,61.0,,,0.0,False
2170,BB 8986,2023-05-07,09:29,97.0,80,AV LIBERTADOR,R02,APELADA,17.0,13.0,,,0.0,False
2174,INTIGR8,2022-07-12,09:30,104.0,40,RUTA 9,R03,ERROR,64.0,62.0,,,0.0,False
2175,8B90638,2020-10-16,19:32,114.0,40,AV LIBERTADOR,R03,IMPAGA,74.0,72.0,,,0.0,False
2180,BHRP 770,2022-09-04,09:30,79.0,40,AV LIBERTADOR,R03,ERROR,39.0,37.0,,,0.0,False
2181,UM 96 201,2021-06-07,19:33,116.0,40,AV SIEMPRE VIVA,R01,ERROR,76.0,74.0,,,0.0,False
2182,990 XYK,2021-04-17,19:33,123.0,80,RUTA 9,R01,IMPAGA,43.0,39.0,,,0.0,False
2185,GOOGLE,2022-05-18,10:31,144.0,80,AV LIBERTADOR,,ERROR,64.0,60.0,,,0.0,False
2186,M43 1ZW,2022-05-28,15:17,115.0,40,AV LIBERTADOR,,ERROR,75.0,73.0,,,0.0,False
2188,X IIUME,2022-01-23,15:18,129.0,80,AV LIBERTADOR,R02,IMPAGA,49.0,45.0,,,0.0,False
2192,589222,2024-01-11,10:31,89.0,60,AV SIEMPRE VIVA,R02,PAGADA,29.0,26.0,,,0.0,False
2196,6NCE831,2021-03-10,00:00,88.0,40,AV SIEMPRE VIVA,R03,ERROR,48.0,46.0,,,0.0,False
2197,VTII AHV,2021-07-18,10:31,116.0,40,RUTA 9,R01,APELADA,76.0,74.0,,,0.0,False
2198,81-ZF-JD,2021-12-17,09:30,143.0,80,AV LIBERTADOR,R02,ERROR,63.0,59.0,,,0.0,False
2199,3646 HBH,2020-03-26,10:31,145.0,80,AV LIBERTADOR,,PAGADA,65.0,61.0,,,0.0,False
2201,0695 DVH,2021-05-11,10:32,112.0,80,AV LIBERTADOR,R02,IMPAGA,32.0,28.0,,,0.0,False
2202,MX60 NZA,2021-12-18,09:30,96.0,40,RUTA 9,R02,IMPAGA,56.0,54.0,,,0.0,False
2203,M20 CPR,1932-01-01,15:18,133.0,80,RUTA 9,,APELADA,53.0,49.0,,,0.0,False
2205,6NCE831,2020-07-05,10:32,103.0,80,AV LIBERTADOR,R02,PAGADA,23.0,19.0,,,0.0,False
2206,M20 CPR,1932-01-01,19:34,68.0,60,AV SIEMPRE VIVA,,ERROR,8.0,5.0,,,0.0,False
2213,M43 1ZW,2023-02-08,00:00,108.0,80,AV LIBERTADOR,R01,IMPAGA,28.0,24.0,,,0.0,False
2217,BP717,2023-07-12,09:31,97.0,80,AV LIBERTADOR,R02,APELADA,17.0,13.0,,,0.0,False
2225,HF 3461,1932-01-01,10:33,81.0,60,RUTA 9,R03,PAGADA,21.0,18.0,,,0.0,False
2226,UM 96 201,2021-07-08,00:00,106.0,40,AV LIBERTADOR,R02,PAGADA,66.0,64.0,,,0.0,False
2230,GOOGLE,2023-03-13,09:31,115.0,40,AV SIEMPRE VIVA,,PAGADA,75.0,73.0,,,0.0,False
2237,M PX 9357,2020-12-09,15:19,84.0,60,AV LIBERTADOR,R01,APELADA,24.0,21.0,,,0.0,False
2239,J1S1,1932-01-01,09:31,127.0,80,AV LIBERTADOR,R03,APELADA,47.0,43.0,,,0.0,False
2241,HAMSTUR,2020-06-14,09:32,120.0,80,AV LIBERTADOR,,IMPAGA,40.0,36.0,,,0.0,False
2243,99 998 68,2021-04-23,00:00,75.0,60,RUTA 9,R01,PAGADA,15.0,12.0,,,0.0,False
2244,RFH 373,1932-01-01,19:36,44.0,40,AV SIEMPRE VIVA,,PAGADA,4.0,2.0,,,0.0,False
2245,99 998 68,2022-09-28,10:33,91.0,40,AV LIBERTADOR,R02,IMPAGA,51.0,49.0,,,0.0,False
2246,FVIO UHP,2022-02-23,00:00,110.0,60,AV SIEMPRE VIVA,,ERROR,50.0,47.0,,,0.0,False
2247,WU08 YWC,2020-05-03,15:19,74.0,60,AV SIEMPRE VIVA,R03,IMPAGA,14.0,11.0,,,0.0,False
2248,BM -351,2021-08-12,15:19,112.0,60,RUTA 9,R03,PAGADA,52.0,49.0,,,0.0,False
2250,INTIGR8,2021-01-23,10:34,117.0,40,AV SIEMPRE VIVA,R03,ERROR,77.0,75.0,,,0.0,False
2255,6EVY261,2022-11-21,00:00,99.0,80,AV LIBERTADOR,R02,APELADA,19.0,15.0,,,0.0,False
2260,VNK296 GP,2021-04-16,10:34,126.0,60,AV LIBERTADOR,R02,PAGADA,66.0,63.0,,,0.0,False
2261,66 111 72,1932-01-01,15:20,136.0,80,AV LIBERTADOR,R02,PAGADA,56.0,52.0,,,0.0,False
2263,6NCE831,2022-09-17,00:00,109.0,60,AV LIBERTADOR,R02,APELADA,49.0,46.0,,,0.0,False
2267,GLEN1E,2023-04-02,15:20,109.0,80,AV SIEMPRE VIVA,R03,IMPAGA,29.0,25.0,,,0.0,False
2269,GE 1466,1932-01-01,09:32,159.0,80,RUTA 9,R03,APELADA,79.0,75.0,,,0.0,False
2270,HF 58 HXP,2022-08-16,19:37,101.0,80,AV SIEMPRE VIVA,,ERROR,21.0,17.0,,,0.0,False
2274,GE 1466,2020-12-11,10:35,122.0,60,RUTA 9,R01,APELADA,62.0,59.0,,,0.0,False
2276,6NCE831,2020-11-19,15:21,94.0,80,AV LIBERTADOR,R02,IMPAGA,14.0,10.0,,,0.0,False
2278,M VU 4688,2021-03-05,09:33,105.0,80,AV LIBERTADOR,,ERROR,25.0,21.0,,,0.0,False
2279,0695 DVH,2020-10-02,10:35,121.0,60,AV LIBERTADOR,R01,IMPAGA,61.0,58.0,,,0.0,False
2281,FD 1475,2020-07-06,09:33,67.0,40,AV SIEMPRE VIVA,R03,ERROR,27.0,25.0,,,0.0,False
2286,M PX 9357,1932-01-01,09:34,66.0,40,RUTA 9,,IMPAGA,26.0,24.0,,,0.0,False
2288,81-ZF-JD,1932-01-01,10:35,114.0,40,AV SIEMPRE VIVA,R02,IMPAGA,74.0,72.0,,,0.0,False
2289,BX 55 DOG,2021-12-17,10:35,91.0,60,AV LIBERTADOR,R03,ERROR,31.0,28.0,,,0.0,False
2296,3646 HBH,1932-01-01,10:36,116.0,60,RUTA 9,R02,PAGADA,56.0,53.0,,,0.0,False
2297,810 TCH,2022-05-03,15:21,80.0,60,RUTA 9,,ERROR,20.0,17.0,,,0.0,False
2302,NTHG LFT,2022-04-08,00:00,105.0,40,AV LIBERTADOR,,PAGADA,65.0,63.0,,,0.0,False
2303,BX 55 DOG,2021-09-11,00:00,156.0,80,AV SIEMPRE VIVA,R02,IMPAGA,76.0,72.0,,,0.0,False
2305,589222,2020-12-15,15:22,134.0,60,AV LIBERTADOR,,APELADA,74.0,71.0,,,0.0,False
2308,MX60 NZA,2020-02-19,00:00,53.0,40,AV LIBERTADOR,R01,APELADA,13.0,11.0,,,0.0,False
2309,INTIGR8,2022-02-18,09:35,92.0,60,AV SIEMPRE VIVA,R03,APELADA,32.0,29.0,,,0.0,False
2310,M43 1ZW,2022-02-25,00:00,89.0,80,AV LIBERTADOR,R01,ERROR,9.0,5.0,,,0.0,False
2311,BP717,1932-01-01,15:22,132.0,60,AV SIEMPRE VIVA,R03,APELADA,72.0,69.0,,,0.0,False
2314,81-ZF-JD,2021-03-23,15:23,106.0,60,AV LIBERTADOR,R03,ERROR,46.0,43.0,,,0.0,False
2317,WE FLYN,2024-02-04,19:38,126.0,80,RUTA 9,,ERROR,46.0,42.0,,,0.0,False
2319,DI2 LOT,1932-01-01,10:36,47.0,40,AV LIBERTADOR,,IMPAGA,7.0,5.0,,,0.0,False
2320,GE 1466,1932-01-01,19:38,84.0,60,AV LIBERTADOR,R02,PAGADA,24.0,21.0,,,0.0,False
2323,TL03 GOG,2022-09-03,19:38,126.0,80,RUTA 9,,IMPAGA,46.0,42.0,,,0.0,False
2325,WU08 YWC,2023-06-28,09:36,103.0,40,RUTA 9,R01,PAGADA,63.0,61.0,,,0.0,False
2327,PIW 4215,2022-10-10,15:23,142.0,80,AV SIEMPRE VIVA,R01,ERROR,62.0,58.0,,,0.0,False
2333,BM -351,2022-12-18,10:37,50.0,40,AV SIEMPRE VIVA,R03,PAGADA,10.0,8.0,,,0.0,False
2334,MX60 NZA,2023-10-12,15:23,130.0,80,AV LIBERTADOR,R02,APELADA,50.0,46.0,,,0.0,False
2336,N HZ 1002,2023-06-18,10:37,70.0,40,AV SIEMPRE VIVA,R03,IMPAGA,30.0,28.0,,,0.0,False
2338,AWS 167,2022-06-03,00:00,92.0,60,AV LIBERTADOR,,IMPAGA,32.0,29.0,,,0.0,False
2342,57 777 70,1932-01-01,10:37,126.0,80,AV LIBERTADOR,R03,IMPAGA,46.0,42.0,,,0.0,False
2344,8B90638,1932-01-01,09:37,140.0,60,RUTA 9,R03,IMPAGA,80.0,77.0,,,0.0,False
2345,81-ZF-JD,2022-08-13,19:39,69.0,40,AV SIEMPRE VIVA,,ERROR,29.0,27.0,,,0.0,False
2346,TL03 GOG,2021-03-21,15:23,120.0,80,AV SIEMPRE VIVA,R02,PAGADA,40.0,36.0,,,0.0,False
2347,57 777 70,2022-11-04,00:00,129.0,60,RUTA 9,R03,PAGADA,69.0,66.0,,,0.0,False
2348,M20 CPR,1932-01-01,15:24,125.0,60,AV LIBERTADOR,R03,IMPAGA,65.0,62.0,,,0.0,False
2349,RFH 373,1932-01-01,09:37,130.0,60,RUTA 9,,ERROR,70.0,67.0,,,0.0,False
2350,FVIO UHP,2021-12-25,00:00,50.0,40,AV SIEMPRE VIVA,R01,APELADA,10.0,8.0,,,0.0,False
2351,BX 55 DOG,1932-01-01,15:24,74.0,40,AV LIBERTADOR,R02,IMPAGA,34.0,32.0,,,0.0,False
2358,X IIUME,2020-06-15,19:40,114.0,40,RUTA 9,R01,PAGADA,74.0,72.0,,,0.0,False
2360,WU08 YWC,2023-07-30,15:24,68.0,60,AV SIEMPRE VIVA,R02,ERROR,8.0,5.0,,,0.0,False
2364,TL03 GOG,2022-03-30,00:00,133.0,60,AV LIBERTADOR,R02,APELADA,73.0,70.0,,,0.0,False
2365,T0Y DR,2022-01-29,00:00,121.0,60,AV SIEMPRE VIVA,R03,PAGADA,61.0,58.0,,,0.0,False
2368,GE 1466,2021-10-16,00:00,91.0,40,AV LIBERTADOR,,APELADA,51.0,49.0,,,0.0,False
2369,691 XC 80,2023-04-22,19:40,107.0,60,AV SIEMPRE VIVA,R01,ERROR,47.0,44.0,,,0.0,False
2370,RFH 373,2022-05-30,10:38,98.0,80,AV SIEMPRE VIVA,R02,IMPAGA,18.0,14.0,,,0.0,False
2371,GN64 OTP,2022-11-05,10:38,93.0,80,AV LIBERTADOR,R03,PAGADA,13.0,9.0,,,0.0,False
2372,M PX 9357,2024-01-02,15:25,128.0,80,RUTA 9,,PAGADA,48.0,44.0,,,0.0,False
2374,W326 AVE,2021-11-23,09:37,80.0,40,RUTA 9,R03,ERROR,40.0,38.0,,,0.0,False
2375,DI2 LOT,1932-01-01,19:41,80.0,40,AV LIBERTADOR,,PAGADA,40.0,38.0,,,0.0,False
2377,BHRP 770,2020-07-28,19:41,148.0,80,AV SIEMPRE VIVA,,PAGADA,68.0,64.0,,,0.0,False
2378,RFH 373,1932-01-01,00:00,148.0,80,RUTA 9,R02,APELADA,68.0,64.0,,,0.0,False
2381,INTIGR8,2020-06-30,10:38,97.0,40,RUTA 9,R03,PAGADA,57.0,55.0,,,0.0,False
2382,BP717,1932-01-01,00:00,112.0,40,AV SIEMPRE VIVA,R01,APELADA,72.0,70.0,,,0.0,False
2383,691 XC 80,2023-05-19,00:00,67.0,60,AV LIBERTADOR,R01,APELADA,7.0,4.0,,,0.0,False
2384,3646 HBH,1932-01-01,00:00,68.0,40,AV LIBERTADOR,R01,IMPAGA,28.0,26.0,,,0.0,False
2385,GE 1466,2023-10-07,10:38,89.0,80,AV SIEMPRE VIVA,,ERROR,9.0,5.0,,,0.0,False
2391,AI7 OVF,2023-09-28,15:25,140.0,60,RUTA 9,R02,PAGADA,80.0,77.0,,,0.0,False
2393,BHRP 770,2020-12-08,09:38,61.0,40,AV SIEMPRE VIVA,R03,IMPAGA,21.0,19.0,,,0.0,False
2394,M VU 4688,2020-06-21,19:42,68.0,60,AV LIBERTADOR,R03,ERROR,8.0,5.0,,,0.0,False
2395,X IIUME,2020-06-09,15:25,117.0,60,RUTA 9,R02,ERROR,57.0,54.0,,,0.0,False
2396,M43 1ZW,2021-11-29,19:42,157.0,80,AV SIEMPRE VIVA,R01,ERROR,77.0,73.0,,,0.0,False
2397,M43 1ZW,2023-05-02,15:26,118.0,80,AV LIBERTADOR,R02,IMPAGA,38.0,34.0,,,0.0,False
2400,CD 056 01,2023-05-16,15:26,80.0,60,RUTA 9,R01,ERROR,20.0,17.0,,,0.0,False
2401,WU08 YWC,2021-07-25,19:42,146.0,80,RUTA 9,R02,IMPAGA,66.0,62.0,,,0.0,False
2403,AWS 167,2020-11-22,19:43,78.0,40,RUTA 9,R01,PAGADA,38.0,36.0,,,0.0,False
2414,N HZ 1002,2023-01-27,09:38,81.0,40,AV SIEMPRE VIVA,,IMPAGA,41.0,39.0,,,0.0,False
2419,HK 06 YMX,2022-02-17,10:39,100.0,80,AV LIBERTADOR,R01,PAGADA,20.0,16.0,,,0.0,False
2423,DK 414 N,2022-03-30,00:00,123.0,60,AV SIEMPRE VIVA,R02,PAGADA,63.0,60.0,,,0.0,False
2425,WU08 YWC,2023-11-26,09:39,117.0,40,RUTA 9,R02,IMPAGA,77.0,75.0,,,0.0,False
2428,WE FLYN,1932-01-01,10:40,98.0,40,AV LIBERTADOR,R02,PAGADA,58.0,56.0,,,0.0,False
2433,NTHG LFT,2023-02-02,19:45,92.0,40,AV SIEMPRE VIVA,R03,IMPAGA,52.0,50.0,,,0.0,False
2434,HF 3461,2020-04-16,00:00,57.0,40,RUTA 9,R01,APELADA,17.0,15.0,,,0.0,False
2436,BHRP 770,2021-10-13,00:00,49.0,40,AV LIBERTADOR,R02,ERROR,9.0,7.0,,,0.0,False
2437,66 111 72,2022-04-23,15:27,50.0,40,AV SIEMPRE VIVA,R03,IMPAGA,10.0,8.0,,,0.0,False
2438,GCP332,2022-04-10,09:40,96.0,60,AV LIBERTADOR,R03,ERROR,36.0,33.0,,,0.0,False
2441,TL03 GOG,2022-05-07,19:45,77.0,40,AV LIBERTADOR,R01,PAGADA,37.0,35.0,,,0.0,False
2442,3646 HBH,2020-11-24,15:27,120.0,40,AV LIBERTADOR,,PAGADA,80.0,78.0,,,0.0,False
2444,VNK296 GP,1932-01-01,09:40,130.0,80,RUTA 9,R03,PAGADA,50.0,46.0,,,0.0,False
2446,990 XYK,2020-08-03,09:40,102.0,80,RUTA 9,R01,APELADA,22.0,18.0,,,0.0,False
2447,831 MDB,2023-01-28,09:40,133.0,80,AV LIBERTADOR,R02,APELADA,53.0,49.0,,,0.0,False
2449,CD 056 01,2023-06-09,00:00,67.0,60,AV LIBERTADOR,R02,ERROR,7.0,4.0,,,0.0,False
2450,831 MDB,2022-12-01,10:40,126.0,80,AV SIEMPRE VIVA,R02,PAGADA,46.0,42.0,,,0.0,False
2455,CD 056 01,1932-01-01,15:28,122.0,60,AV SIEMPRE VIVA,R02,PAGADA,62.0,59.0,,,0.0,False
2465,M PX 9357,2021-09-14,09:42,106.0,40,AV LIBERTADOR,R01,IMPAGA,66.0,64.0,,,0.0,False
2466,M VU 4688,2023-08-25,00:00,87.0,80,RUTA 9,R01,PAGADA,7.0,3.0,,,0.0,False
2469,M VU 4688,2022-10-13,00:00,106.0,40,RUTA 9,R03,PAGADA,66.0,64.0,,,0.0,False
2471,AWS 167,2023-07-23,10:41,45.0,40,AV SIEMPRE VIVA,R03,ERROR,5.0,3.0,,,0.0,False
2472,GOOGLE,1932-01-01,10:41,107.0,40,AV LIBERTADOR,R02,APELADA,67.0,65.0,,,0.0,False
2476,57 777 70,2021-06-11,19:46,94.0,40,AV SIEMPRE VIVA,R01,APELADA,54.0,52.0,,,0.0,False
2477,GLEN1E,2023-08-27,09:42,113.0,40,AV SIEMPRE VIVA,,APELADA,73.0,71.0,,,0.0,False
2479,MX60 NZA,1932-01-01,09:42,58.0,40,AV LIBERTADOR,R01,APELADA,18.0,16.0,,,0.0,False
2480,BP717,1932-01-01,09:42,125.0,60,RUTA 9,R03,IMPAGA,65.0,62.0,,,0.0,False
2481,FVIO UHP,2021-12-15,00:00,85.0,40,AV SIEMPRE VIVA,,PAGADA,45.0,43.0,,,0.0,False
2483,57 777 70,2024-02-04,10:42,95.0,40,RUTA 9,R03,ERROR,55.0,53.0,,,0.0,False
2484,CBM UK,2021-10-29,15:28,109.0,80,AV SIEMPRE VIVA,R02,IMPAGA,29.0,25.0,,,0.0,False
2485,HF 58 HXP,1932-01-01,15:29,86.0,60,RUTA 9,R01,ERROR,26.0,23.0,,,0.0,False
2489,GLEN1E,2020-12-23,09:43,70.0,40,RUTA 9,R03,PAGADA,30.0,28.0,,,0.0,False
2490,J1S1,2021-09-19,19:47,66.0,60,AV LIBERTADOR,,IMPAGA,6.0,3.0,,,0.0,False
2492,BB 8986,1932-01-01,19:47,115.0,40,RUTA 9,R01,ERROR,75.0,73.0,,,0.0,False
2493,6EVY261,2022-03-07,00:00,107.0,40,AV LIBERTADOR,R03,APELADA,67.0,65.0,,,0.0,False
2500,NTHG LFT,2023-08-16,00:00,63.0,40,AV LIBERTADOR,R01,APELADA,23.0,21.0,,,0.0,False
2502,81-ZF-JD,2023-08-30,10:42,85.0,80,AV LIBERTADOR,,APELADA,5.0,1.0,,,0.0,False
2504,691 XC 80,2022-09-07,09:43,114.0,40,RUTA 9,R01,IMPAGA,74.0,72.0,,,0.0,False
2505,BM -351,2020-11-10,09:43,132.0,80,AV SIEMPRE VIVA,,PAGADA,52.0,48.0,,,0.0,False
2507,WE FLYN,2022-10-15,09:43,124.0,60,AV SIEMPRE VIVA,,IMPAGA,64.0,61.0,,,0.0,False
2509,MX60 NZA,2023-12-02,10:42,106.0,40,AV LIBERTADOR,R01,IMPAGA,66.0,64.0,,,0.0,False
2512,AI7 OVF,2022-02-22,10:43,81.0,40,AV LIBERTADOR,R03,IMPAGA,41.0,39.0,,,0.0,False
2516,J1S1,1932-01-01,15:29,102.0,40,AV SIEMPRE VIVA,R03,IMPAGA,62.0,60.0,,,0.0,False
2517,OUTSTDN,2023-11-19,00:00,140.0,80,AV SIEMPRE VIVA,R01,APELADA,60.0,56.0,,,0.0,False
2518,HK 06 YMX,1932-01-01,15:29,49.0,40,AV SIEMPRE VIVA,R03,APELADA,9.0,7.0,,,0.0,False
2520,AI7 OVF,2021-03-09,09:44,112.0,40,AV SIEMPRE VIVA,R02,PAGADA,72.0,70.0,,,0.0,False
2523,UM 96 201,2021-08-19,09:44,64.0,40,RUTA 9,R03,APELADA,24.0,22.0,,,0.0,False
2527,6EVY261,2020-04-22,09:44,144.0,80,AV SIEMPRE VIVA,R03,ERROR,64.0,60.0,,,0.0,False
2529,UW3932,2020-06-01,10:43,150.0,80,RUTA 9,,PAGADA,70.0,66.0,,,0.0,False
2530,UM 96 201,2023-09-23,10:43,123.0,80,AV LIBERTADOR,R02,APELADA,43.0,39.0,,,0.0,False
2534,DK 414 N,2022-05-27,09:45,110.0,40,AV LIBERTADOR,R03,APELADA,70.0,68.0,,,0.0,False
2536,B 81 JKY,1932-01-01,09:45,118.0,60,AV LIBERTADOR,R02,ERROR,58.0,55.0,,,0.0,False
2539,B 81 JKY,1932-01-01,10:43,111.0,40,AV SIEMPRE VIVA,R01,APELADA,71.0,69.0,,,0.0,False
2540,AI7 OVF,1932-01-01,15:30,67.0,40,AV LIBERTADOR,R03,APELADA,27.0,25.0,,,0.0,False
2541,81-ZF-JD,1932-01-01,10:44,127.0,60,RUTA 9,R01,IMPAGA,67.0,64.0,,,0.0,False
2542,AWS 167,1932-01-01,09:45,114.0,60,RUTA 9,R02,ERROR,54.0,51.0,,,0.0,False
2543,X IIUME,2021-07-05,10:44,106.0,80,AV SIEMPRE VIVA,R01,IMPAGA,26.0,22.0,,,0.0,False
2544,WE FLYN,2021-03-15,15:30,121.0,80,AV LIBERTADOR,R02,IMPAGA,41.0,37.0,,,0.0,False
2546,BHRP 770,2020-08-30,09:45,91.0,80,AV SIEMPRE VIVA,,IMPAGA,11.0,7.0,,,0.0,False
2548,HAMSTUR,1932-01-01,19:49,84.0,60,RUTA 9,R01,PAGADA,24.0,21.0,,,0.0,False
2549,BX 55 DOG,2022-07-23,19:49,93.0,40,AV SIEMPRE VIVA,R01,APELADA,53.0,51.0,,,0.0,False
2550,WU08 YWC,1932-01-01,00:00,75.0,60,AV SIEMPRE VIVA,R01,IMPAGA,15.0,12.0,,,0.0,False
2554,N HZ 1002,2023-12-29,00:00,72.0,40,AV LIBERTADOR,R03,PAGADA,32.0,30.0,,,0.0,False
2556,CT5 B876,1932-01-01,00:00,150.0,80,AV LIBERTADOR,R03,IMPAGA,70.0,66.0,,,0.0,False
2557,M20 CPR,2023-10-03,15:31,136.0,80,AV LIBERTADOR,R01,ERROR,56.0,52.0,,,0.0,False
2560,691 XC 80,1932-01-01,15:31,115.0,60,AV LIBERTADOR,R01,PAGADA,55.0,52.0,,,0.0,False
2561,WE FLYN,1932-01-01,19:49,101.0,40,AV LIBERTADOR,R03,IMPAGA,61.0,59.0,,,0.0,False
2562,81-ZF-JD,2020-08-14,15:31,89.0,80,RUTA 9,R01,PAGADA,9.0,5.0,,,0.0,False
2563,BHRP 770,2022-02-27,09:46,118.0,40,AV SIEMPRE VIVA,R03,ERROR,78.0,76.0,,,0.0,False
2565,29 999 61,1932-01-01,00:00,128.0,60,AV SIEMPRE VIVA,R02,ERROR,68.0,65.0,,,0.0,False
2566,HF 3461,1932-01-01,15:31,118.0,80,RUTA 9,R02,APELADA,38.0,34.0,,,0.0,False
2567,FD 1475,2022-11-15,09:46,110.0,60,AV SIEMPRE VIVA,R02,PAGADA,50.0,47.0,,,0.0,False
2568,41 RS TZ,1932-01-01,00:00,105.0,60,AV LIBERTADOR,R03,ERROR,45.0,42.0,,,0.0,False
2569,BHRP 770,1932-01-01,09:46,90.0,40,AV SIEMPRE VIVA,R02,PAGADA,50.0,48.0,,,0.0,False
2570,N HZ 1002,1932-01-01,10:45,156.0,80,AV SIEMPRE VIVA,R02,IMPAGA,76.0,72.0,,,0.0,False
2573,M20 CPR,1932-01-01,15:32,69.0,40,AV LIBERTADOR,R01,IMPAGA,29.0,27.0,,,0.0,False
2574,INTIGR8,2021-01-11,00:00,139.0,60,AV LIBERTADOR,R01,ERROR,79.0,76.0,,,0.0,False
2575,CBM UK,1932-01-01,00:00,143.0,80,AV SIEMPRE VIVA,R03,ERROR,63.0,59.0,,,0.0,False
2576,M20 CPR,2020-10-13,10:45,115.0,80,AV LIBERTADOR,R02,ERROR,35.0,31.0,,,0.0,False
2577,0695 DVH,1932-01-01,19:50,86.0,60,AV LIBERTADOR,,IMPAGA,26.0,23.0,,,0.0,False
2578,HF 58 HXP,2022-09-29,10:45,134.0,60,AV LIBERTADOR,R02,APELADA,74.0,71.0,,,0.0,False
2580,RFH 373,2022-07-15,19:50,102.0,40,AV LIBERTADOR,,PAGADA,62.0,60.0,,,0.0,False
2584,66 111 72,2023-11-14,00:00,112.0,80,RUTA 9,R02,PAGADA,32.0,28.0,,,0.0,False
2586,FD 1475,2020-06-04,09:47,159.0,80,RUTA 9,,ERROR,79.0,75.0,,,0.0,False
2587,99 998 68,1932-01-01,10:45,118.0,60,RUTA 9,R02,APELADA,58.0,55.0,,,0.0,False
2590,NTHG LFT,2020-10-05,19:50,110.0,40,AV SIEMPRE VIVA,,APELADA,70.0,68.0,,,0.0,False
2596,BM -351,2021-10-12,00:00,108.0,80,RUTA 9,R01,APELADA,28.0,24.0,,,0.0,False
2597,66 111 72,2021-09-04,09:47,112.0,60,RUTA 9,,APELADA,52.0,49.0,,,0.0,False
2598,831 MDB,2020-11-28,19:51,122.0,80,AV LIBERTADOR,R02,ERROR,42.0,38.0,,,0.0,False
2600,HF 3461,1932-01-01,10:46,127.0,80,RUTA 9,R03,APELADA,47.0,43.0,,,0.0,False
2601,TL03 GOG,2021-05-27,19:51,65.0,40,AV LIBERTADOR,R02,PAGADA,25.0,23.0,,,0.0,False
2603,99 998 68,2022-11-01,09:47,130.0,80,AV LIBERTADOR,R03,APELADA,50.0,46.0,,,0.0,False
2607,BB 8986,2022-05-25,10:46,127.0,80,AV LIBERTADOR,R03,ERROR,47.0,43.0,,,0.0,False
2608,3646 HBH,2020-12-07,19:51,69.0,60,AV LIBERTADOR,R02,APELADA,9.0,6.0,,,0.0,False
2610,CBM UK,2021-08-28,10:47,88.0,60,AV LIBERTADOR,R02,APELADA,28.0,25.0,,,0.0,False
2611,WE FLYN,2021-04-01,00:00,138.0,80,RUTA 9,R03,PAGADA,58.0,54.0,,,0.0,False
2619,81-ZF-JD,2020-03-06,10:47,129.0,60,AV SIEMPRE VIVA,R01,APELADA,69.0,66.0,,,0.0,False
2620,W326 AVE,2022-11-09,00:00,101.0,40,AV LIBERTADOR,,IMPAGA,61.0,59.0,,,0.0,False
2624,UW3932,1932-01-01,00:00,158.0,80,RUTA 9,R02,ERROR,78.0,74.0,,,0.0,False
2630,99 998 68,2021-12-30,00:00,108.0,60,AV SIEMPRE VIVA,R01,IMPAGA,48.0,45.0,,,0.0,False
2634,HF 58 HXP,2023-12-30,19:52,97.0,40,AV SIEMPRE VIVA,R02,PAGADA,57.0,55.0,,,0.0,False
2636,WE FLYN,1932-01-01,09:48,124.0,80,AV LIBERTADOR,R02,APELADA,44.0,40.0,,,0.0,False
2637,VY 90 540,1932-01-01,09:49,55.0,40,AV LIBERTADOR,R02,APELADA,15.0,13.0,,,0.0,False
2639,57 777 70,2021-09-08,10:48,78.0,40,AV LIBERTADOR,R03,IMPAGA,38.0,36.0,,,0.0,False
2641,J1S1,1932-01-01,19:53,147.0,80,RUTA 9,R03,IMPAGA,67.0,63.0,,,0.0,False
2643,T0Y DR,2020-03-18,15:33,86.0,60,AV LIBERTADOR,,IMPAGA,26.0,23.0,,,0.0,False
2645,GN64 OTP,2021-06-24,10:48,83.0,60,AV LIBERTADOR,,ERROR,23.0,20.0,,,0.0,False
2648,M43 1ZW,1932-01-01,15:33,89.0,80,RUTA 9,R01,ERROR,9.0,5.0,,,0.0,False
2650,NTHG LFT,2020-11-28,19:53,105.0,80,AV SIEMPRE VIVA,,PAGADA,25.0,21.0,,,0.0,False
2652,OUTSTDN,2022-05-29,19:54,101.0,40,RUTA 9,R02,APELADA,61.0,59.0,,,0.0,False
2655,WU08 YWC,1932-01-01,00:00,112.0,80,AV SIEMPRE VIVA,R02,APELADA,32.0,28.0,,,0.0,False
2656,GE 1466,1932-01-01,15:34,86.0,60,RUTA 9,R01,APELADA,26.0,23.0,,,0.0,False
2660,0695 DVH,2024-01-05,09:50,46.0,40,RUTA 9,R03,PAGADA,6.0,4.0,,,0.0,False
2661,UW3932,2022-01-19,10:49,95.0,40,RUTA 9,R02,ERROR,55.0,53.0,,,0.0,False
2662,NTHG LFT,2024-01-25,10:49,87.0,40,AV SIEMPRE VIVA,R01,ERROR,47.0,45.0,,,0.0,False
2664,0695 DVH,2020-03-04,19:54,135.0,80,AV SIEMPRE VIVA,R03,PAGADA,55.0,51.0,,,0.0,False
2667,T0Y DR,2021-08-19,19:54,144.0,80,RUTA 9,R03,APELADA,64.0,60.0,,,0.0,False
2669,990 XYK,1932-01-01,09:50,119.0,40,AV LIBERTADOR,R01,PAGADA,79.0,77.0,,,0.0,False
2671,M PX 9357,1932-01-01,10:49,86.0,40,AV LIBERTADOR,R03,APELADA,46.0,44.0,,,0.0,False
2672,TL03 GOG,2022-05-08,00:00,46.0,40,AV LIBERTADOR,R02,PAGADA,6.0,4.0,,,0.0,False
2674,HF 3461,2022-08-16,00:00,62.0,40,AV SIEMPRE VIVA,R03,ERROR,22.0,20.0,,,0.0,False
2679,AI7 OVF,1932-01-01,00:00,111.0,80,AV LIBERTADOR,R03,ERROR,31.0,27.0,,,0.0,False
2681,YLO8 WUE,2024-01-05,10:49,98.0,40,RUTA 9,,IMPAGA,58.0,56.0,,,0.0,False
2686,VNK296 GP,2023-02-26,10:50,89.0,80,RUTA 9,,APELADA,9.0,5.0,,,0.0,False
2687,YLO8 WUE,2021-06-23,09:50,148.0,80,RUTA 9,R03,IMPAGA,68.0,64.0,,,0.0,False
2688,J1S1,2023-09-21,09:50,93.0,60,AV SIEMPRE VIVA,,IMPAGA,33.0,30.0,,,0.0,False
2689,WU 341 A,1932-01-01,19:56,116.0,60,AV SIEMPRE VIVA,R03,PAGADA,56.0,53.0,,,0.0,False
2690,GN64 OTP,1932-01-01,10:50,138.0,80,RUTA 9,R03,PAGADA,58.0,54.0,,,0.0,False
2694,CBM UK,2021-02-17,15:34,110.0,60,AV SIEMPRE VIVA,,APELADA,50.0,47.0,,,0.0,False
2697,VY 90 540,1932-01-01,09:51,74.0,60,AV SIEMPRE VIVA,R02,APELADA,14.0,11.0,,,0.0,False
2700,8B90638,2021-06-23,09:51,127.0,80,RUTA 9,,IMPAGA,47.0,43.0,,,0.0,False
2705,W326 AVE,2023-01-01,15:35,122.0,80,AV LIBERTADOR,R02,ERROR,42.0,38.0,,,0.0,False
2706,691 XC 80,1932-01-01,09:51,121.0,80,AV LIBERTADOR,R02,APELADA,41.0,37.0,,,0.0,False
2708,DK 414 N,2024-01-24,00:00,138.0,60,RUTA 9,R02,ERROR,78.0,75.0,,,0.0,False
2713,N HZ 1002,2020-07-31,10:51,128.0,60,AV LIBERTADOR,R03,PAGADA,68.0,65.0,,,0.0,False
2714,M PX 9357,2023-09-01,09:52,79.0,40,AV LIBERTADOR,R01,ERROR,39.0,37.0,,,0.0,False
2716,HF 3461,2023-03-19,19:57,142.0,80,AV LIBERTADOR,R03,ERROR,62.0,58.0,,,0.0,False
2724,FD 1475,1932-01-01,10:51,59.0,40,RUTA 9,R03,IMPAGA,19.0,17.0,,,0.0,False
2725,CD 056 01,1932-01-01,00:00,104.0,60,AV LIBERTADOR,R01,IMPAGA,44.0,41.0,,,0.0,False
2726,GOOGLE,2021-10-15,15:35,145.0,80,AV LIBERTADOR,,APELADA,65.0,61.0,,,0.0,False
2729,UM 96 201,2022-11-08,00:00,102.0,40,RUTA 9,,IMPAGA,62.0,60.0,,,0.0,False
2730,WU08 YWC,2020-12-15,00:00,118.0,80,AV SIEMPRE VIVA,R02,ERROR,38.0,34.0,,,0.0,False
2733,BM -351,1932-01-01,09:53,80.0,40,AV LIBERTADOR,R02,PAGADA,40.0,38.0,,,0.0,False
2734,OUTSTDN,2022-06-18,00:00,88.0,60,AV LIBERTADOR,R02,APELADA,28.0,25.0,,,0.0,False
2737,VTII AHV,1932-01-01,00:00,141.0,80,AV LIBERTADOR,R02,ERROR,61.0,57.0,,,0.0,False
2738,HK 06 YMX,1932-01-01,15:36,119.0,40,RUTA 9,R03,APELADA,79.0,77.0,,,0.0,False
2740,AI7 OVF,2023-09-04,15:36,133.0,60,AV LIBERTADOR,,ERROR,73.0,70.0,,,0.0,False
2742,AWS 167,2022-02-20,15:36,105.0,80,AV LIBERTADOR,,ERROR,25.0,21.0,,,0.0,False
2743,J1S1,2022-06-05,15:37,108.0,40,AV LIBERTADOR,,ERROR,68.0,66.0,,,0.0,False
2744,INTIGR8,1932-01-01,00:00,96.0,40,AV LIBERTADOR,,IMPAGA,56.0,54.0,,,0.0,False
2745,3646 HBH,1932-01-01,00:00,77.0,40,AV SIEMPRE VIVA,R03,APELADA,37.0,35.0,,,0.0,False
2749,DK 414 N,2021-06-14,00:00,65.0,40,RUTA 9,R03,APELADA,25.0,23.0,,,0.0,False
2750,M43 1ZW,2021-02-06,10:52,75.0,60,AV SIEMPRE VIVA,,IMPAGA,15.0,12.0,,,0.0,False
2753,HF 58 HXP,2021-07-27,15:37,103.0,40,RUTA 9,,ERROR,63.0,61.0,,,0.0,False
2754,WU 341 A,2022-01-04,10:52,80.0,40,AV LIBERTADOR,,APELADA,40.0,38.0,,,0.0,False
2755,UM 96 201,2020-04-20,09:54,67.0,40,AV LIBERTADOR,R02,IMPAGA,27.0,25.0,,,0.0,False
2756,BB 8986,2024-01-01,15:37,104.0,40,AV LIBERTADOR,R03,PAGADA,64.0,62.0,,,0.0,False
2757,FVIO UHP,2023-10-23,15:37,109.0,40,AV LIBERTADOR,R02,APELADA,69.0,67.0,,,0.0,False
2760,BB 8986,2020-02-27,10:52,66.0,40,RUTA 9,,IMPAGA,26.0,24.0,,,0.0,False
2761,GLEN1E,2021-10-09,19:58,105.0,40,RUTA 9,R03,IMPAGA,65.0,63.0,,,0.0,False
2764,BP717,2023-07-26,10:53,103.0,60,AV LIBERTADOR,R03,IMPAGA,43.0,40.0,,,0.0,False
2765,589222,2022-09-09,15:38,112.0,80,RUTA 9,R01,IMPAGA,32.0,28.0,,,0.0,False
2766,HAMSTUR,1932-01-01,15:38,57.0,40,AV SIEMPRE VIVA,R02,ERROR,17.0,15.0,,,0.0,False
2769,HF 3461,2021-10-01,00:00,102.0,80,AV LIBERTADOR,R03,IMPAGA,22.0,18.0,,,0.0,False
2774,WE FLYN,1932-01-01,00:00,102.0,40,AV SIEMPRE VIVA,,IMPAGA,62.0,60.0,,,0.0,False
2778,6NCE831,2022-02-20,00:00,128.0,60,AV LIBERTADOR,R03,APELADA,68.0,65.0,,,0.0,False
2782,BB 8986,1932-01-01,19:59,78.0,60,AV LIBERTADOR,,ERROR,18.0,15.0,,,0.0,False
2783,CD 056 01,1932-01-01,15:38,156.0,80,AV LIBERTADOR,R02,ERROR,76.0,72.0,,,0.0,False
2785,J1S1,2021-09-01,15:38,86.0,60,AV LIBERTADOR,,PAGADA,26.0,23.0,,,0.0,False
2786,UM 96 201,2021-02-02,09:54,99.0,40,AV LIBERTADOR,R03,APELADA,59.0,57.0,,,0.0,False
2788,GE 1466,1932-01-01,09:55,52.0,40,AV LIBERTADOR,R02,ERROR,12.0,10.0,,,0.0,False
2789,CBM UK,2021-09-22,00:00,144.0,80,AV LIBERTADOR,R01,APELADA,64.0,60.0,,,0.0,False
2790,CT5 B876,2023-10-26,19:59,116.0,60,AV SIEMPRE VIVA,R02,ERROR,56.0,53.0,,,0.0,False
2791,8B90638,2021-02-20,19:59,125.0,60,AV LIBERTADOR,R01,PAGADA,65.0,62.0,,,0.0,False
2796,M PX 9357,2020-10-21,15:39,116.0,60,AV LIBERTADOR,R03,PAGADA,56.0,53.0,,,0.0,False
2797,BP717,2020-07-02,15:39,92.0,40,AV SIEMPRE VIVA,,IMPAGA,52.0,50.0,,,0.0,False
2798,OUTSTDN,1932-01-01,10:54,122.0,60,AV SIEMPRE VIVA,R01,PAGADA,62.0,59.0,,,0.0,False
2806,GOOGLE,1932-01-01,09:55,104.0,40,AV LIBERTADOR,,PAGADA,64.0,62.0,,,0.0,False
2810,41 RS TZ,1932-01-01,09:55,60.0,40,AV SIEMPRE VIVA,,ERROR,20.0,18.0,,,0.0,False
2811,DI2 LOT,2022-07-29,09:56,86.0,80,RUTA 9,R01,IMPAGA,6.0,2.0,,,0.0,False
2814,WE FLYN,2020-12-13,15:39,97.0,80,AV SIEMPRE VIVA,R01,ERROR,17.0,13.0,,,0.0,False
2817,WU 341 A,2021-05-08,09:56,112.0,40,AV SIEMPRE VIVA,,IMPAGA,72.0,70.0,,,0.0,False
2820,X IIUME,2020-12-10,20:01,67.0,40,RUTA 9,R02,APELADA,27.0,25.0,,,0.0,False
2821,BB 8986,1932-01-01,00:00,62.0,40,AV LIBERTADOR,R02,IMPAGA,22.0,20.0,,,0.0,False
2824,B 81 JKY,2021-09-23,15:40,142.0,80,RUTA 9,R03,PAGADA,62.0,58.0,,,0.0,False
2825,81-ZF-JD,1932-01-01,10:54,62.0,40,AV LIBERTADOR,,IMPAGA,22.0,20.0,,,0.0,False
2826,W326 AVE,2024-01-06,10:55,138.0,80,AV SIEMPRE VIVA,,PAGADA,58.0,54.0,,,0.0,False
2827,57 777 70,2022-08-26,00:00,146.0,80,AV SIEMPRE VIVA,,PAGADA,66.0,62.0,,,0.0,False
2828,N HZ 1002,2023-04-12,15:40,116.0,60,RUTA 9,,APELADA,56.0,53.0,,,0.0,False
2831,GLEN1E,2021-12-31,09:57,118.0,40,AV LIBERTADOR,R01,ERROR,78.0,76.0,,,0.0,False
2837,W326 AVE,1932-01-01,00:00,151.0,80,AV LIBERTADOR,R01,PAGADA,71.0,67.0,,,0.0,False
2839,YLO8 WUE,2022-11-20,20:01,88.0,40,RUTA 9,,PAGADA,48.0,46.0,,,0.0,False
2845,831 MDB,2023-01-20,09:58,154.0,80,AV LIBERTADOR,R01,IMPAGA,74.0,70.0,,,0.0,False
2847,RFH 373,2022-08-15,09:58,145.0,80,AV SIEMPRE VIVA,,ERROR,65.0,61.0,,,0.0,False
2848,VNK296 GP,2020-09-05,15:40,125.0,60,AV LIBERTADOR,R01,IMPAGA,65.0,62.0,,,0.0,False
2853,M VU 4688,1932-01-01,00:00,109.0,40,AV SIEMPRE VIVA,R02,PAGADA,69.0,67.0,,,0.0,False
2854,UM 96 201,2023-11-05,00:00,129.0,80,AV SIEMPRE VIVA,R01,PAGADA,49.0,45.0,,,0.0,False
2855,990 XYK,1932-01-01,10:56,110.0,60,RUTA 9,R03,IMPAGA,50.0,47.0,,,0.0,False
2857,UW3932,2022-05-13,20:02,130.0,60,AV LIBERTADOR,R01,ERROR,70.0,67.0,,,0.0,False
2858,CBM UK,2020-08-08,00:00,128.0,80,RUTA 9,R03,ERROR,48.0,44.0,,,0.0,False
2862,MX60 NZA,1932-01-01,09:59,141.0,80,RUTA 9,R01,PAGADA,61.0,57.0,,,0.0,False
2863,X IIUME,2022-11-21,00:00,123.0,80,AV SIEMPRE VIVA,R01,APELADA,43.0,39.0,,,0.0,False
2868,PIW 4215,2021-12-23,09:59,112.0,60,RUTA 9,R01,IMPAGA,52.0,49.0,,,0.0,False
2870,X IIUME,2020-05-02,00:00,134.0,80,AV LIBERTADOR,R01,IMPAGA,54.0,50.0,,,0.0,False
2871,GE 1466,1932-01-01,20:02,76.0,40,AV LIBERTADOR,R02,ERROR,36.0,34.0,,,0.0,False
2873,M43 1ZW,1932-01-01,10:57,59.0,40,AV SIEMPRE VIVA,,ERROR,19.0,17.0,,,0.0,False
2877,WU08 YWC,1932-01-01,10:57,118.0,80,AV SIEMPRE VIVA,R01,ERROR,38.0,34.0,,,0.0,False
2878,M43 1ZW,2023-04-26,20:03,70.0,60,AV SIEMPRE VIVA,R02,PAGADA,10.0,7.0,,,0.0,False
2879,589222,2024-02-02,10:58,73.0,40,AV LIBERTADOR,,APELADA,33.0,31.0,,,0.0,False
2885,29 999 61,1932-01-01,10:58,55.0,40,RUTA 9,R03,PAGADA,15.0,13.0,,,0.0,False
2887,VY 90 540,1932-01-01,20:03,118.0,40,RUTA 9,R02,IMPAGA,78.0,76.0,,,0.0,False
2888,41 RS TZ,2021-04-21,10:58,99.0,60,RUTA 9,R03,IMPAGA,39.0,36.0,,,0.0,False
2892,831 MDB,2023-05-24,20:03,117.0,60,AV SIEMPRE VIVA,R03,PAGADA,57.0,54.0,,,0.0,False
2895,57 777 70,2023-09-30,15:42,85.0,40,AV LIBERTADOR,R03,IMPAGA,45.0,43.0,,,0.0,False
2897,99 998 68,2020-01-21,20:04,85.0,80,AV SIEMPRE VIVA,,ERROR,5.0,1.0,,,0.0,False
2899,VTII AHV,1932-01-01,00:00,90.0,80,AV SIEMPRE VIVA,R02,ERROR,10.0,6.0,,,0.0,False
2901,WU08 YWC,1932-01-01,10:58,101.0,40,AV SIEMPRE VIVA,,APELADA,61.0,59.0,,,0.0,False
2906,PIW 4215,1932-01-01,10:00,117.0,60,AV LIBERTADOR,R02,IMPAGA,57.0,54.0,,,0.0,False
2907,BX 55 DOG,2021-11-26,10:00,93.0,60,RUTA 9,R02,IMPAGA,33.0,30.0,,,0.0,False
2908,3646 HBH,2022-11-12,10:59,138.0,80,AV SIEMPRE VIVA,R03,APELADA,58.0,54.0,,,0.0,False
2910,CD 056 01,2022-10-25,15:42,102.0,80,RUTA 9,R02,APELADA,22.0,18.0,,,0.0,False
2911,M43 1ZW,2023-10-10,10:59,68.0,40,AV SIEMPRE VIVA,R01,IMPAGA,28.0,26.0,,,0.0,False
2912,FVIO UHP,1932-01-01,10:59,138.0,80,AV LIBERTADOR,R03,IMPAGA,58.0,54.0,,,0.0,False
2913,CT5 B876,2020-08-05,00:00,143.0,80,AV LIBERTADOR,R02,ERROR,63.0,59.0,,,0.0,False
2916,BHRP 770,1932-01-01,00:00,95.0,40,AV LIBERTADOR,,PAGADA,55.0,53.0,,,0.0,False
2917,6NCE831,1932-01-01,15:43,49.0,40,AV SIEMPRE VIVA,R01,ERROR,9.0,7.0,,,0.0,False
2918,HAMSTUR,2021-05-05,11:00,92.0,80,AV LIBERTADOR,,PAGADA,12.0,8.0,,,0.0,False
2921,WE FLYN,2021-07-19,00:00,121.0,80,RUTA 9,R02,ERROR,41.0,37.0,,,0.0,False
2924,WU08 YWC,2020-05-10,10:01,130.0,80,AV SIEMPRE VIVA,R03,PAGADA,50.0,46.0,,,0.0,False
2925,OUTSTDN,2022-04-08,20:05,68.0,40,RUTA 9,R02,ERROR,28.0,26.0,,,0.0,False
2927,589222,2020-11-14,10:01,55.0,40,AV SIEMPRE VIVA,R03,PAGADA,15.0,13.0,,,0.0,False
2928,YLO8 WUE,2020-12-26,00:00,97.0,40,RUTA 9,R01,ERROR,57.0,55.0,,,0.0,False
2931,N HZ 1002,2022-07-17,15:43,122.0,60,AV LIBERTADOR,R01,ERROR,62.0,59.0,,,0.0,False
2933,WE FLYN,2022-07-04,15:43,136.0,60,AV LIBERTADOR,,ERROR,76.0,73.0,,,0.0,False
2934,BB 8986,2020-12-11,11:00,96.0,80,AV LIBERTADOR,R02,ERROR,16.0,12.0,,,0.0,False
2937,81-ZF-JD,2023-12-17,10:01,87.0,80,AV LIBERTADOR,R01,PAGADA,7.0,3.0,,,0.0,False
2942,691 XC 80,2022-03-02,15:44,123.0,60,AV SIEMPRE VIVA,R01,APELADA,63.0,60.0,,,0.0,False
2944,NTHG LFT,2022-11-10,20:05,47.0,40,RUTA 9,R02,APELADA,7.0,5.0,,,0.0,False
2945,FD 1475,1932-01-01,20:05,107.0,60,AV SIEMPRE VIVA,R03,APELADA,47.0,44.0,,,0.0,False
2947,OUTSTDN,1932-01-01,00:00,77.0,60,AV SIEMPRE VIVA,R02,ERROR,17.0,14.0,,,0.0,False
2953,INTIGR8,2021-12-26,15:44,154.0,80,AV LIBERTADOR,R02,IMPAGA,74.0,70.0,,,0.0,False
2957,691 XC 80,2020-12-05,11:00,135.0,60,AV LIBERTADOR,R02,PAGADA,75.0,72.0,,,0.0,False
2958,GLEN1E,2021-01-07,10:02,64.0,40,RUTA 9,R03,IMPAGA,24.0,22.0,,,0.0,False
2960,8B90638,1932-01-01,11:01,55.0,40,AV SIEMPRE VIVA,R03,APELADA,15.0,13.0,,,0.0,False
2961,3646 HBH,2021-04-03,10:02,127.0,60,AV LIBERTADOR,R03,ERROR,67.0,64.0,,,0.0,False
2962,GLEN1E,2022-11-06,00:00,149.0,80,AV SIEMPRE VIVA,,ERROR,69.0,65.0,,,0.0,False
2965,T0Y DR,2020-11-08,11:01,137.0,80,RUTA 9,R03,PAGADA,57.0,53.0,,,0.0,False
2966,BP717,1932-01-01,15:45,112.0,40,AV LIBERTADOR,R03,APELADA,72.0,70.0,,,0.0,False
2970,DK 414 N,2022-01-28,10:02,89.0,40,AV LIBERTADOR,R02,APELADA,49.0,47.0,,,0.0,False
2972,W326 AVE,2020-07-02,00:00,113.0,60,AV LIBERTADOR,,ERROR,53.0,50.0,,,0.0,False
2973,29 999 61,1932-01-01,10:02,102.0,80,AV SIEMPRE VIVA,R01,APELADA,22.0,18.0,,,0.0,False
2978,831 MDB,2023-03-11,00:00,139.0,60,AV SIEMPRE VIVA,R02,ERROR,79.0,76.0,,,0.0,False
2981,X IIUME,2021-07-23,00:00,81.0,60,RUTA 9,R02,IMPAGA,21.0,18.0,,,0.0,False
2982,HF 58 HXP,2020-06-24,10:03,97.0,60,AV LIBERTADOR,,PAGADA,37.0,34.0,,,0.0,False
2983,589222,2020-12-08,00:00,62.0,40,AV SIEMPRE VIVA,R03,APELADA,22.0,20.0,,,0.0,False
2984,M20 CPR,2022-06-03,10:03,84.0,60,RUTA 9,R01,PAGADA,24.0,21.0,,,0.0,False
2985,J1S1,2021-11-21,00:00,116.0,60,AV SIEMPRE VIVA,R01,IMPAGA,56.0,53.0,,,0.0,False
2989,691 XC 80,2022-10-30,11:01,117.0,60,AV SIEMPRE VIVA,R01,PAGADA,57.0,54.0,,,0.0,False
2990,INTIGR8,2023-03-15,15:46,110.0,80,AV LIBERTADOR,R01,IMPAGA,30.0,26.0,,,0.0,False
2992,J1S1,2022-01-01,10:03,118.0,80,AV LIBERTADOR,R03,ERROR,38.0,34.0,,,0.0,False
2993,INTIGR8,2021-04-26,00:00,114.0,80,RUTA 9,R02,APELADA,34.0,30.0,,,0.0,False
2997,CBM UK,1932-01-01,15:46,54.0,40,AV LIBERTADOR,R01,IMPAGA,14.0,12.0,,,0.0,False
2998,990 XYK,1932-01-01,20:07,87.0,60,AV LIBERTADOR,,PAGADA,27.0,24.0,,,0.0,False
3001,MX60 NZA,2020-05-25,15:46,118.0,60,AV LIBERTADOR,R01,APELADA,58.0,55.0,,,0.0,False
3002,8B90638,2021-10-24,15:47,88.0,60,AV LIBERTADOR,R03,APELADA,28.0,25.0,,,0.0,False
3008,GCP332,2021-01-11,11:03,116.0,80,RUTA 9,,APELADA,36.0,32.0,,,0.0,False
3009,BB 8986,2022-03-04,00:00,104.0,60,RUTA 9,R03,PAGADA,44.0,41.0,,,0.0,False
3010,UM 96 201,1932-01-01,20:08,57.0,40,AV SIEMPRE VIVA,R03,PAGADA,17.0,15.0,,,0.0,False
3013,FD 1475,2020-11-30,11:03,118.0,60,RUTA 9,R02,APELADA,58.0,55.0,,,0.0,False
3014,RFH 373,2020-01-28,00:00,120.0,80,AV LIBERTADOR,R03,PAGADA,40.0,36.0,,,0.0,False
3017,FD 1475,1932-01-01,10:04,109.0,60,RUTA 9,,IMPAGA,49.0,46.0,,,0.0,False
3018,GCP332,2023-02-13,10:04,79.0,60,AV LIBERTADOR,R01,PAGADA,19.0,16.0,,,0.0,False
3022,HAMSTUR,1932-01-01,15:47,132.0,60,RUTA 9,,IMPAGA,72.0,69.0,,,0.0,False
3023,57 777 70,2023-05-14,15:47,75.0,40,AV LIBERTADOR,R03,PAGADA,35.0,33.0,,,0.0,False
3036,990 XYK,1932-01-01,20:08,93.0,80,AV LIBERTADOR,R02,APELADA,13.0,9.0,,,0.0,False
3037,GOOGLE,2023-02-22,20:09,86.0,40,AV LIBERTADOR,R02,IMPAGA,46.0,44.0,,,0.0,False
3040,BM -351,1932-01-01,20:09,111.0,80,RUTA 9,R02,APELADA,31.0,27.0,,,0.0,False
3042,T0Y DR,2023-04-28,00:00,73.0,60,RUTA 9,,IMPAGA,13.0,10.0,,,0.0,False
3046,GLEN1E,2023-04-23,20:09,76.0,40,AV SIEMPRE VIVA,R03,ERROR,36.0,34.0,,,0.0,False
3049,RFH 373,1932-01-01,00:00,150.0,80,RUTA 9,,APELADA,70.0,66.0,,,0.0,False
3051,CBM UK,1932-01-01,20:09,99.0,80,RUTA 9,,IMPAGA,19.0,15.0,,,0.0,False
3053,M VU 4688,2021-03-29,10:05,105.0,60,RUTA 9,R03,PAGADA,45.0,42.0,,,0.0,False
3054,AWS 167,1932-01-01,10:05,81.0,40,AV LIBERTADOR,R03,IMPAGA,41.0,39.0,,,0.0,False
3055,YLO8 WUE,1932-01-01,00:00,108.0,80,AV LIBERTADOR,R02,IMPAGA,28.0,24.0,,,0.0,False
3057,8B90638,2020-07-03,00:00,139.0,60,RUTA 9,,PAGADA,79.0,76.0,,,0.0,False
3058,UW3932,1932-01-01,15:48,93.0,80,RUTA 9,,IMPAGA,13.0,9.0,,,0.0,False
3059,831 MDB,2021-08-29,00:00,109.0,40,AV LIBERTADOR,R03,ERROR,69.0,67.0,,,0.0,False
3064,FD 1475,2023-09-01,20:10,108.0,80,AV LIBERTADOR,R02,APELADA,28.0,24.0,,,0.0,False
3066,VY 90 540,2023-12-11,20:10,102.0,40,AV LIBERTADOR,R02,PAGADA,62.0,60.0,,,0.0,False
3067,T0Y DR,2021-06-08,00:00,110.0,80,AV LIBERTADOR,R03,APELADA,30.0,26.0,,,0.0,False
3068,M20 CPR,1932-01-01,11:05,115.0,40,AV LIBERTADOR,,PAGADA,75.0,73.0,,,0.0,False
3070,PIW 4215,2020-11-10,10:05,74.0,60,RUTA 9,,ERROR,14.0,11.0,,,0.0,False
3072,UW3932,2023-01-05,00:00,49.0,40,AV SIEMPRE VIVA,R03,APELADA,9.0,7.0,,,0.0,False
3073,691 XC 80,1932-01-01,20:10,120.0,60,AV SIEMPRE VIVA,,ERROR,60.0,57.0,,,0.0,False
3075,810 TCH,2023-06-17,20:11,109.0,80,AV LIBERTADOR,,ERROR,29.0,25.0,,,0.0,False
3076,99 998 68,2021-01-30,00:00,118.0,40,AV SIEMPRE VIVA,R02,ERROR,78.0,76.0,,,0.0,False
3077,B 81 JKY,2023-06-19,00:00,112.0,40,AV SIEMPRE VIVA,R01,IMPAGA,72.0,70.0,,,0.0,False
3083,VTII AHV,2022-10-09,20:11,94.0,60,RUTA 9,R03,PAGADA,34.0,31.0,,,0.0,False
3084,CT5 B876,2020-08-08,20:11,85.0,40,AV LIBERTADOR,,APELADA,45.0,43.0,,,0.0,False
3086,GE 1466,1932-01-01,10:06,76.0,40,RUTA 9,R03,APELADA,36.0,34.0,,,0.0,False
3087,B 81 JKY,2022-12-21,20:11,82.0,40,AV LIBERTADOR,R03,IMPAGA,42.0,40.0,,,0.0,False
3088,HAMSTUR,1932-01-01,10:06,94.0,40,AV LIBERTADOR,,ERROR,54.0,52.0,,,0.0,False
3089,TL03 GOG,2020-06-14,15:49,106.0,60,AV LIBERTADOR,,IMPAGA,46.0,43.0,,,0.0,False
3091,589222,2023-07-05,00:00,121.0,60,AV LIBERTADOR,,IMPAGA,61.0,58.0,,,0.0,False
3093,INTIGR8,2022-08-22,15:49,107.0,80,AV LIBERTADOR,R02,IMPAGA,27.0,23.0,,,0.0,False
3094,T0Y DR,2021-08-14,15:49,91.0,60,RUTA 9,,ERROR,31.0,28.0,,,0.0,False
3095,810 TCH,2020-05-06,20:12,48.0,40,AV LIBERTADOR,R02,IMPAGA,8.0,6.0,,,0.0,False
3100,NTHG LFT,2020-09-30,20:12,90.0,60,AV LIBERTADOR,R01,PAGADA,30.0,27.0,,,0.0,False
3102,BHRP 770,2021-04-11,20:12,55.0,40,RUTA 9,,PAGADA,15.0,13.0,,,0.0,False
3104,UM 96 201,2024-01-28,20:12,90.0,60,AV SIEMPRE VIVA,,APELADA,30.0,27.0,,,0.0,False
3109,8B90638,2024-01-15,20:13,68.0,60,AV LIBERTADOR,R02,IMPAGA,8.0,5.0,,,0.0,False
3110,0695 DVH,2020-08-14,00:00,114.0,40,RUTA 9,,IMPAGA,74.0,72.0,,,0.0,False
3111,DK 414 N,2023-10-07,11:05,85.0,40,AV LIBERTADOR,R02,IMPAGA,45.0,43.0,,,0.0,False
3112,M PX 9357,2020-12-01,00:00,69.0,40,AV LIBERTADOR,,ERROR,29.0,27.0,,,0.0,False
3113,T0Y DR,2023-07-02,15:50,122.0,60,RUTA 9,R03,ERROR,62.0,59.0,,,0.0,False
3114,VTII AHV,2022-01-26,00:00,92.0,80,AV SIEMPRE VIVA,,PAGADA,12.0,8.0,,,0.0,False
3117,OUTSTDN,2023-02-23,11:06,53.0,40,AV LIBERTADOR,R02,IMPAGA,13.0,11.0,,,0.0,False
3122,J1S1,1932-01-01,11:06,91.0,60,AV SIEMPRE VIVA,R01,APELADA,31.0,28.0,,,0.0,False
3125,6EVY261,2022-12-05,00:00,138.0,60,AV LIBERTADOR,R01,ERROR,78.0,75.0,,,0.0,False
3127,M PX 9357,2020-01-26,11:07,50.0,40,AV LIBERTADOR,R02,ERROR,10.0,8.0,,,0.0,False
3128,831 MDB,2023-12-16,00:00,60.0,40,AV SIEMPRE VIVA,R01,PAGADA,20.0,18.0,,,0.0,False
3137,N HZ 1002,2022-11-26,11:08,65.0,60,AV LIBERTADOR,R02,APELADA,5.0,2.0,,,0.0,False
3138,PIW 4215,1932-01-01,15:51,82.0,60,RUTA 9,R03,IMPAGA,22.0,19.0,,,0.0,False
3139,W326 AVE,2021-08-04,15:51,109.0,40,AV LIBERTADOR,,ERROR,69.0,67.0,,,0.0,False
3140,BX 55 DOG,1932-01-01,10:07,49.0,40,AV SIEMPRE VIVA,,ERROR,9.0,7.0,,,0.0,False
3142,HAMSTUR,2022-03-10,15:51,133.0,80,AV SIEMPRE VIVA,R02,APELADA,53.0,49.0,,,0.0,False
3144,UW3932,1932-01-01,11:08,124.0,80,RUTA 9,,PAGADA,44.0,40.0,,,0.0,False
3148,GCP332,1932-01-01,10:08,135.0,80,RUTA 9,R02,ERROR,55.0,51.0,,,0.0,False
3149,INTIGR8,2023-12-31,15:52,130.0,80,AV SIEMPRE VIVA,R01,ERROR,50.0,46.0,,,0.0,False
3150,810 TCH,2023-09-23,00:00,130.0,60,RUTA 9,R02,APELADA,70.0,67.0,,,0.0,False
3155,HAMSTUR,2020-06-21,10:08,71.0,40,AV LIBERTADOR,R01,PAGADA,31.0,29.0,,,0.0,False
3156,TL03 GOG,2020-05-02,10:08,115.0,40,AV SIEMPRE VIVA,R02,ERROR,75.0,73.0,,,0.0,False
3157,810 TCH,2021-11-15,11:08,96.0,60,RUTA 9,R01,ERROR,36.0,33.0,,,0.0,False
3158,DI2 LOT,2022-11-22,00:00,75.0,40,AV LIBERTADOR,R02,APELADA,35.0,33.0,,,0.0,False
3160,GLEN1E,2021-05-01,15:52,146.0,80,AV SIEMPRE VIVA,,PAGADA,66.0,62.0,,,0.0,False
3161,FVIO UHP,2024-01-24,20:13,130.0,80,AV SIEMPRE VIVA,R03,IMPAGA,50.0,46.0,,,0.0,False
3162,HF 3461,2023-02-28,00:00,124.0,60,AV LIBERTADOR,R03,IMPAGA,64.0,61.0,,,0.0,False
3164,6EVY261,2020-07-08,10:08,109.0,80,AV LIBERTADOR,,PAGADA,29.0,25.0,,,0.0,False
3166,BP717,2023-11-21,20:14,107.0,80,AV SIEMPRE VIVA,R02,IMPAGA,27.0,23.0,,,0.0,False
3168,M PX 9357,2020-12-19,20:14,43.0,40,RUTA 9,R01,APELADA,3.0,1.0,,,0.0,False
3169,J1S1,2021-11-23,11:09,85.0,60,AV LIBERTADOR,R03,APELADA,25.0,22.0,,,0.0,False
3171,3646 HBH,2024-02-03,20:14,131.0,80,AV LIBERTADOR,R01,IMPAGA,51.0,47.0,,,0.0,False
3176,99 998 68,2022-06-01,11:09,155.0,80,AV SIEMPRE VIVA,R03,APELADA,75.0,71.0,,,0.0,False
3177,WU 341 A,2020-12-21,15:53,103.0,60,RUTA 9,R03,PAGADA,43.0,40.0,,,0.0,False
3179,GN64 OTP,2023-10-27,20:15,65.0,60,RUTA 9,R01,PAGADA,5.0,2.0,,,0.0,False
3181,UM 96 201,2021-04-22,20:15,123.0,60,RUTA 9,,PAGADA,63.0,60.0,,,0.0,False
3188,BHRP 770,2021-02-09,15:53,116.0,60,AV SIEMPRE VIVA,,APELADA,56.0,53.0,,,0.0,False
3190,691 XC 80,2020-08-16,11:10,118.0,80,RUTA 9,R03,IMPAGA,38.0,34.0,,,0.0,False
3192,B 81 JKY,2021-05-15,00:00,73.0,60,RUTA 9,R02,PAGADA,13.0,10.0,,,0.0,False
3194,BP717,1932-01-01,20:15,82.0,40,RUTA 9,R02,ERROR,42.0,40.0,,,0.0,False
3195,OUTSTDN,2023-03-22,20:16,157.0,80,AV SIEMPRE VIVA,R01,APELADA,77.0,73.0,,,0.0,False
3196,BM -351,1932-01-01,11:10,128.0,60,RUTA 9,,IMPAGA,68.0,65.0,,,0.0,False
3198,YLO8 WUE,2021-05-22,11:10,151.0,80,AV LIBERTADOR,R02,PAGADA,71.0,67.0,,,0.0,False
3200,29 999 61,2023-08-11,00:00,126.0,80,AV LIBERTADOR,,PAGADA,46.0,42.0,,,0.0,False
3202,M43 1ZW,2020-01-03,15:54,120.0,40,AV LIBERTADOR,,APELADA,80.0,78.0,,,0.0,False
3203,DI2 LOT,2020-10-09,15:54,92.0,80,AV SIEMPRE VIVA,R02,APELADA,12.0,8.0,,,0.0,False
3205,0695 DVH,2023-02-24,10:09,140.0,60,RUTA 9,,IMPAGA,80.0,77.0,,,0.0,False
3207,41 RS TZ,2022-05-24,00:00,144.0,80,AV LIBERTADOR,R02,APELADA,64.0,60.0,,,0.0,False
3208,WE FLYN,2021-05-23,11:11,112.0,60,AV LIBERTADOR,R02,IMPAGA,52.0,49.0,,,0.0,False
3210,41 RS TZ,2022-11-06,10:09,134.0,60,RUTA 9,R01,IMPAGA,74.0,71.0,,,0.0,False
3217,HK 06 YMX,1932-01-01,00:00,136.0,60,AV LIBERTADOR,,ERROR,76.0,73.0,,,0.0,False
3219,T0Y DR,2020-05-22,20:17,137.0,80,AV LIBERTADOR,R03,IMPAGA,57.0,53.0,,,0.0,False
3221,BB 8986,2021-07-23,20:18,81.0,60,AV LIBERTADOR,R02,APELADA,21.0,18.0,,,0.0,False
3222,VTII AHV,2021-07-16,10:10,138.0,80,AV LIBERTADOR,R02,APELADA,58.0,54.0,,,0.0,False
3225,M43 1ZW,2020-06-02,10:10,155.0,80,AV SIEMPRE VIVA,R02,PAGADA,75.0,71.0,,,0.0,False
3228,AI7 OVF,2021-02-03,20:18,119.0,60,RUTA 9,R02,PAGADA,59.0,56.0,,,0.0,False
3231,HF 3461,2021-06-29,20:18,101.0,40,AV LIBERTADOR,R03,IMPAGA,61.0,59.0,,,0.0,False
3233,HK 06 YMX,2022-09-03,11:11,105.0,40,AV LIBERTADOR,,IMPAGA,65.0,63.0,,,0.0,False
3234,NTHG LFT,2022-01-26,00:00,101.0,60,AV LIBERTADOR,R03,IMPAGA,41.0,38.0,,,0.0,False
3235,INTIGR8,2020-03-08,10:11,101.0,60,AV SIEMPRE VIVA,R03,IMPAGA,41.0,38.0,,,0.0,False
3236,VY 90 540,2023-08-02,20:19,71.0,60,AV SIEMPRE VIVA,R01,ERROR,11.0,8.0,,,0.0,False
3238,0695 DVH,2021-11-26,11:11,116.0,40,AV LIBERTADOR,R02,IMPAGA,76.0,74.0,,,0.0,False
3242,VY 90 540,2023-01-19,11:12,94.0,40,AV LIBERTADOR,R02,PAGADA,54.0,52.0,,,0.0,False
3243,29 999 61,2022-02-01,20:19,102.0,80,AV LIBERTADOR,R01,ERROR,22.0,18.0,,,0.0,False
3247,INTIGR8,2023-12-25,10:11,63.0,40,RUTA 9,,PAGADA,23.0,21.0,,,0.0,False
3249,GN64 OTP,1932-01-01,20:19,99.0,80,RUTA 9,R02,PAGADA,19.0,15.0,,,0.0,False
3250,INTIGR8,2020-01-14,11:12,86.0,60,AV LIBERTADOR,,IMPAGA,26.0,23.0,,,0.0,False
3251,CT5 B876,2021-12-27,00:00,120.0,80,AV LIBERTADOR,R03,APELADA,40.0,36.0,,,0.0,False
3259,FVIO UHP,2023-11-15,10:12,159.0,80,AV SIEMPRE VIVA,R02,APELADA,79.0,75.0,,,0.0,False
3263,GCP332,2022-04-16,11:13,140.0,80,RUTA 9,R03,APELADA,60.0,56.0,,,0.0,False
3265,N HZ 1002,2021-07-04,20:20,110.0,40,AV LIBERTADOR,R02,PAGADA,70.0,68.0,,,0.0,False
3266,HK 06 YMX,2022-07-22,10:12,65.0,40,AV LIBERTADOR,R01,IMPAGA,25.0,23.0,,,0.0,False
3269,66 111 72,1932-01-01,15:55,67.0,60,AV LIBERTADOR,R02,PAGADA,7.0,4.0,,,0.0,False
3270,BB 8986,2021-08-15,00:00,94.0,40,RUTA 9,R02,APELADA,54.0,52.0,,,0.0,False
3272,M PX 9357,2023-12-09,00:00,115.0,80,RUTA 9,R01,APELADA,35.0,31.0,,,0.0,False
3273,66 111 72,1932-01-01,15:55,98.0,80,AV SIEMPRE VIVA,R03,PAGADA,18.0,14.0,,,0.0,False
3275,WU 341 A,2023-06-17,10:13,124.0,80,RUTA 9,R03,PAGADA,44.0,40.0,,,0.0,False
3276,N HZ 1002,2024-01-08,20:20,109.0,40,AV SIEMPRE VIVA,,APELADA,69.0,67.0,,,0.0,False
3281,M20 CPR,2023-12-25,11:14,94.0,60,AV LIBERTADOR,R02,PAGADA,34.0,31.0,,,0.0,False
3284,589222,1932-01-01,20:20,93.0,80,AV SIEMPRE VIVA,R03,ERROR,13.0,9.0,,,0.0,False
3285,T0Y DR,2021-04-16,11:15,87.0,80,AV LIBERTADOR,R01,APELADA,7.0,3.0,,,0.0,False
3287,831 MDB,1932-01-01,15:55,116.0,80,RUTA 9,R01,IMPAGA,36.0,32.0,,,0.0,False
3288,UM 96 201,1932-01-01,11:15,110.0,80,RUTA 9,R02,PAGADA,30.0,26.0,,,0.0,False
3290,FVIO UHP,2021-01-13,00:00,52.0,40,AV LIBERTADOR,R01,PAGADA,12.0,10.0,,,0.0,False
3291,HAMSTUR,2021-09-14,11:15,134.0,80,AV LIBERTADOR,,APELADA,54.0,50.0,,,0.0,False
3293,YLO8 WUE,1932-01-01,11:15,71.0,60,AV LIBERTADOR,R01,ERROR,11.0,8.0,,,0.0,False
3295,WU 341 A,2021-03-04,15:55,118.0,80,AV LIBERTADOR,R01,ERROR,38.0,34.0,,,0.0,False
3298,HF 58 HXP,2022-12-05,20:21,75.0,40,AV SIEMPRE VIVA,R02,IMPAGA,35.0,33.0,,,0.0,False
3299,OUTSTDN,2020-08-05,20:21,122.0,80,AV LIBERTADOR,,APELADA,42.0,38.0,,,0.0,False
3300,VTII AHV,2021-01-03,00:00,118.0,60,RUTA 9,R01,ERROR,58.0,55.0,,,0.0,False
3303,CD 056 01,2020-01-02,11:16,115.0,80,AV LIBERTADOR,,PAGADA,35.0,31.0,,,0.0,False
3305,NTHG LFT,2020-03-08,10:13,154.0,80,AV LIBERTADOR,R03,APELADA,74.0,70.0,,,0.0,False
3306,GN64 OTP,2020-12-03,10:13,138.0,60,RUTA 9,R02,ERROR,78.0,75.0,,,0.0,False
3307,TL03 GOG,2020-02-01,11:16,139.0,60,AV LIBERTADOR,R03,APELADA,79.0,76.0,,,0.0,False
3309,DI2 LOT,2023-01-05,11:16,99.0,80,RUTA 9,R01,IMPAGA,19.0,15.0,,,0.0,False
3311,BHRP 770,2022-06-01,20:22,90.0,60,AV LIBERTADOR,R02,APELADA,30.0,27.0,,,0.0,False
3312,J1S1,1932-01-01,10:14,150.0,80,RUTA 9,,APELADA,70.0,66.0,,,0.0,False
3313,TL03 GOG,2022-02-04,20:22,111.0,80,AV SIEMPRE VIVA,,PAGADA,31.0,27.0,,,0.0,False
3315,6EVY261,2022-02-19,10:14,151.0,80,RUTA 9,R02,PAGADA,71.0,67.0,,,0.0,False
3316,0695 DVH,1932-01-01,11:16,110.0,60,RUTA 9,,ERROR,50.0,47.0,,,0.0,False
3317,M20 CPR,2022-12-02,10:14,133.0,80,AV LIBERTADOR,R02,ERROR,53.0,49.0,,,0.0,False
3320,VNK296 GP,2020-09-12,20:22,153.0,80,AV LIBERTADOR,R03,PAGADA,73.0,69.0,,,0.0,False
3322,WU08 YWC,2020-06-21,20:22,100.0,40,AV LIBERTADOR,R02,IMPAGA,60.0,58.0,,,0.0,False
3323,B 81 JKY,2020-08-18,00:00,145.0,80,AV SIEMPRE VIVA,,APELADA,65.0,61.0,,,0.0,False
3328,WE FLYN,2020-12-16,15:56,132.0,80,AV LIBERTADOR,R01,IMPAGA,52.0,48.0,,,0.0,False
3330,6NCE831,2020-07-05,20:23,78.0,60,AV LIBERTADOR,R03,IMPAGA,18.0,15.0,,,0.0,False
3333,MX60 NZA,2023-05-18,11:17,56.0,40,RUTA 9,R02,PAGADA,16.0,14.0,,,0.0,False
3336,6NCE831,2023-09-20,20:23,153.0,80,AV LIBERTADOR,R03,IMPAGA,73.0,69.0,,,0.0,False
3338,PIW 4215,2023-07-19,11:17,155.0,80,AV LIBERTADOR,R01,ERROR,75.0,71.0,,,0.0,False
3339,T0Y DR,2023-12-30,20:23,62.0,40,AV SIEMPRE VIVA,R03,IMPAGA,22.0,20.0,,,0.0,False
3340,AWS 167,1932-01-01,10:15,89.0,80,AV SIEMPRE VIVA,,APELADA,9.0,5.0,,,0.0,False
3345,NTHG LFT,2021-03-02,10:16,100.0,40,AV LIBERTADOR,R03,IMPAGA,60.0,58.0,,,0.0,False
3346,3646 HBH,2021-02-16,10:16,106.0,80,RUTA 9,R01,IMPAGA,26.0,22.0,,,0.0,False
3347,691 XC 80,1932-01-01,15:57,51.0,40,RUTA 9,R01,IMPAGA,11.0,9.0,,,0.0,False
3348,OUTSTDN,1932-01-01,15:57,116.0,40,AV LIBERTADOR,R03,PAGADA,76.0,74.0,,,0.0,False
3350,57 777 70,1932-01-01,00:00,135.0,60,AV SIEMPRE VIVA,R02,PAGADA,75.0,72.0,,,0.0,False
3354,DI2 LOT,2020-09-03,11:18,132.0,80,RUTA 9,R03,IMPAGA,52.0,48.0,,,0.0,False
3355,0695 DVH,2020-02-10,15:57,59.0,40,RUTA 9,R02,IMPAGA,19.0,17.0,,,0.0,False
3358,B 81 JKY,1932-01-01,10:17,122.0,60,RUTA 9,R03,PAGADA,62.0,59.0,,,0.0,False
3360,RFH 373,2023-11-25,10:17,64.0,60,RUTA 9,R02,IMPAGA,4.0,1.0,,,0.0,False
3362,6NCE831,2023-04-15,00:00,109.0,80,AV LIBERTADOR,R03,IMPAGA,29.0,25.0,,,0.0,False
3365,T0Y DR,1932-01-01,00:00,111.0,40,AV LIBERTADOR,R02,IMPAGA,71.0,69.0,,,0.0,False
3369,B 81 JKY,2021-04-01,10:17,83.0,60,AV SIEMPRE VIVA,R03,ERROR,23.0,20.0,,,0.0,False
3372,AWS 167,2023-03-08,15:57,110.0,40,RUTA 9,R02,PAGADA,70.0,68.0,,,0.0,False
3373,29 999 61,2021-03-12,20:24,49.0,40,AV SIEMPRE VIVA,R03,APELADA,9.0,7.0,,,0.0,False
3374,41 RS TZ,2020-11-04,15:58,99.0,60,AV SIEMPRE VIVA,R03,PAGADA,39.0,36.0,,,0.0,False
3375,AWS 167,2022-03-28,11:18,108.0,80,AV LIBERTADOR,R02,IMPAGA,28.0,24.0,,,0.0,False
3376,GLEN1E,2022-02-10,10:18,83.0,60,AV LIBERTADOR,R03,APELADA,23.0,20.0,,,0.0,False
3380,AWS 167,2021-10-30,10:18,115.0,40,AV LIBERTADOR,,IMPAGA,75.0,73.0,,,0.0,False
3381,B 81 JKY,2023-08-29,11:19,115.0,80,AV LIBERTADOR,R02,IMPAGA,35.0,31.0,,,0.0,False
3384,3646 HBH,2021-10-07,00:00,101.0,80,AV LIBERTADOR,R02,IMPAGA,21.0,17.0,,,0.0,False
3385,990 XYK,2020-10-12,00:00,106.0,80,AV SIEMPRE VIVA,R03,APELADA,26.0,22.0,,,0.0,False
3386,M PX 9357,2023-01-08,20:25,89.0,80,AV SIEMPRE VIVA,R03,APELADA,9.0,5.0,,,0.0,False
3387,RFH 373,2024-01-05,00:00,74.0,60,AV SIEMPRE VIVA,R01,PAGADA,14.0,11.0,,,0.0,False
3394,HF 3461,2023-12-22,20:25,131.0,60,AV LIBERTADOR,R01,APELADA,71.0,68.0,,,0.0,False
3395,990 XYK,2020-10-03,00:00,120.0,60,RUTA 9,R02,IMPAGA,60.0,57.0,,,0.0,False
3396,DI2 LOT,2021-11-11,00:00,148.0,80,AV SIEMPRE VIVA,,ERROR,68.0,64.0,,,0.0,False
3401,BHRP 770,1932-01-01,20:25,130.0,60,AV LIBERTADOR,,PAGADA,70.0,67.0,,,0.0,False
3402,GLEN1E,1932-01-01,11:20,117.0,60,RUTA 9,R01,PAGADA,57.0,54.0,,,0.0,False
3403,GCP332,1932-01-01,11:20,136.0,60,AV LIBERTADOR,,PAGADA,76.0,73.0,,,0.0,False
3406,8B90638,1932-01-01,10:19,130.0,80,AV LIBERTADOR,R02,APELADA,50.0,46.0,,,0.0,False
3407,MX60 NZA,2020-12-17,10:19,89.0,80,RUTA 9,,PAGADA,9.0,5.0,,,0.0,False
3408,41 RS TZ,2022-07-24,10:20,141.0,80,AV SIEMPRE VIVA,R03,IMPAGA,61.0,57.0,,,0.0,False
3413,99 998 68,2022-11-28,11:20,95.0,40,RUTA 9,R02,ERROR,55.0,53.0,,,0.0,False
3415,M20 CPR,2022-10-08,00:00,127.0,80,AV SIEMPRE VIVA,,ERROR,47.0,43.0,,,0.0,False
3417,N HZ 1002,2022-07-03,10:20,119.0,40,AV SIEMPRE VIVA,,PAGADA,79.0,77.0,,,0.0,False
3419,FD 1475,2023-12-03,11:21,114.0,40,AV LIBERTADOR,R02,APELADA,74.0,72.0,,,0.0,False
3425,AWS 167,2022-12-29,00:00,128.0,80,AV LIBERTADOR,,PAGADA,48.0,44.0,,,0.0,False
3430,VNK296 GP,2023-06-23,20:26,83.0,60,AV LIBERTADOR,R02,PAGADA,23.0,20.0,,,0.0,False
3432,VY 90 540,2020-12-08,10:21,127.0,80,RUTA 9,,APELADA,47.0,43.0,,,0.0,False
3437,GN64 OTP,2021-07-18,15:59,111.0,40,AV LIBERTADOR,R03,PAGADA,71.0,69.0,,,0.0,False
3440,VTII AHV,2022-11-11,00:00,72.0,60,AV LIBERTADOR,R03,ERROR,12.0,9.0,,,0.0,False
3443,WE FLYN,1932-01-01,16:00,91.0,40,RUTA 9,R03,ERROR,51.0,49.0,,,0.0,False
3446,UW3932,2020-05-01,20:27,94.0,80,AV LIBERTADOR,,PAGADA,14.0,10.0,,,0.0,False
3447,0695 DVH,1932-01-01,00:00,140.0,80,AV LIBERTADOR,R03,APELADA,60.0,56.0,,,0.0,False
3449,HK 06 YMX,2020-11-29,20:27,84.0,40,AV LIBERTADOR,R01,ERROR,44.0,42.0,,,0.0,False
3451,M43 1ZW,2022-04-29,20:27,97.0,60,AV SIEMPRE VIVA,R02,PAGADA,37.0,34.0,,,0.0,False
3453,CT5 B876,2022-06-28,11:22,87.0,40,AV LIBERTADOR,,APELADA,47.0,45.0,,,0.0,False
3454,INTIGR8,2023-07-16,10:21,120.0,60,AV LIBERTADOR,R03,ERROR,60.0,57.0,,,0.0,False
3456,BHRP 770,2023-12-08,20:27,106.0,60,AV LIBERTADOR,R01,ERROR,46.0,43.0,,,0.0,False
3458,831 MDB,1932-01-01,20:27,158.0,80,AV SIEMPRE VIVA,,APELADA,78.0,74.0,,,0.0,False
3460,VTII AHV,2020-07-19,11:22,110.0,40,AV LIBERTADOR,R03,ERROR,70.0,68.0,,,0.0,False
3463,UW3932,2023-02-03,16:00,119.0,80,AV SIEMPRE VIVA,R01,IMPAGA,39.0,35.0,,,0.0,False
3464,FVIO UHP,1932-01-01,10:22,146.0,80,RUTA 9,R02,IMPAGA,66.0,62.0,,,0.0,False
3466,99 998 68,1932-01-01,00:00,118.0,40,AV SIEMPRE VIVA,R01,APELADA,78.0,76.0,,,0.0,False
3471,HF 58 HXP,2021-06-21,16:01,91.0,40,AV SIEMPRE VIVA,R02,IMPAGA,51.0,49.0,,,0.0,False
3474,HF 3461,1932-01-01,20:28,99.0,80,RUTA 9,R01,IMPAGA,19.0,15.0,,,0.0,False
3478,HF 3461,2020-06-14,20:28,50.0,40,AV SIEMPRE VIVA,R03,IMPAGA,10.0,8.0,,,0.0,False
3481,DK 414 N,2021-04-27,00:00,132.0,80,AV SIEMPRE VIVA,R03,ERROR,52.0,48.0,,,0.0,False
3485,57 777 70,1932-01-01,16:02,76.0,40,AV LIBERTADOR,R02,APELADA,36.0,34.0,,,0.0,False
3487,GCP332,2023-03-03,11:23,128.0,60,AV LIBERTADOR,R02,IMPAGA,68.0,65.0,,,0.0,False
3488,VY 90 540,2022-06-23,00:00,91.0,80,AV SIEMPRE VIVA,R01,PAGADA,11.0,7.0,,,0.0,False
3489,3646 HBH,2022-04-24,11:23,82.0,40,AV LIBERTADOR,R03,APELADA,42.0,40.0,,,0.0,False
3492,T0Y DR,2021-05-06,00:00,152.0,80,RUTA 9,R03,PAGADA,72.0,68.0,,,0.0,False
3498,8B90638,2022-03-19,16:03,119.0,40,AV SIEMPRE VIVA,R02,ERROR,79.0,77.0,,,0.0,False
3500,WE FLYN,2020-09-28,11:23,130.0,60,AV LIBERTADOR,R01,ERROR,70.0,67.0,,,0.0,False
3501,41 RS TZ,2020-07-05,20:29,107.0,80,AV SIEMPRE VIVA,R01,APELADA,27.0,23.0,,,0.0,False
3503,AI7 OVF,1932-01-01,00:00,90.0,40,AV LIBERTADOR,R01,IMPAGA,50.0,48.0,,,0.0,False
3506,TL03 GOG,2021-10-14,00:00,109.0,40,RUTA 9,R03,APELADA,69.0,67.0,,,0.0,False
3513,WU 341 A,2023-03-03,11:24,87.0,60,AV SIEMPRE VIVA,,APELADA,27.0,24.0,,,0.0,False
3514,0695 DVH,2021-01-10,20:29,107.0,40,AV LIBERTADOR,R01,IMPAGA,67.0,65.0,,,0.0,False
3515,WE FLYN,2021-10-19,11:24,82.0,60,RUTA 9,,IMPAGA,22.0,19.0,,,0.0,False
3518,M PX 9357,2021-01-24,10:24,103.0,60,AV LIBERTADOR,R02,APELADA,43.0,40.0,,,0.0,False
3527,TL03 GOG,2023-07-08,00:00,105.0,40,AV LIBERTADOR,,IMPAGA,65.0,63.0,,,0.0,False
3531,B 81 JKY,1932-01-01,10:25,136.0,60,AV LIBERTADOR,R01,PAGADA,76.0,73.0,,,0.0,False
3532,57 777 70,1932-01-01,10:25,65.0,40,AV SIEMPRE VIVA,R02,APELADA,25.0,23.0,,,0.0,False
3534,CBM UK,2021-03-26,11:25,104.0,60,RUTA 9,R02,ERROR,44.0,41.0,,,0.0,False
3536,T0Y DR,2021-10-14,20:29,51.0,40,AV SIEMPRE VIVA,,APELADA,11.0,9.0,,,0.0,False
3537,57 777 70,1932-01-01,10:26,80.0,40,AV SIEMPRE VIVA,R01,IMPAGA,40.0,38.0,,,0.0,False
3542,BM -351,2023-10-26,16:05,49.0,40,RUTA 9,R02,IMPAGA,9.0,7.0,,,0.0,False
3545,810 TCH,2022-01-18,00:00,89.0,60,AV LIBERTADOR,R03,PAGADA,29.0,26.0,,,0.0,False
3549,GLEN1E,2020-04-03,11:25,44.0,40,AV LIBERTADOR,R01,IMPAGA,4.0,2.0,,,0.0,False
3555,3646 HBH,2020-06-29,16:05,104.0,80,RUTA 9,R03,APELADA,24.0,20.0,,,0.0,False
3558,GE 1466,2021-05-24,10:27,103.0,60,AV SIEMPRE VIVA,R01,PAGADA,43.0,40.0,,,0.0,False
3559,DK 414 N,1932-01-01,10:27,64.0,60,RUTA 9,,APELADA,4.0,1.0,,,0.0,False
3560,MX60 NZA,1932-01-01,20:30,110.0,60,AV SIEMPRE VIVA,R01,APELADA,50.0,47.0,,,0.0,False
3562,BM -351,1932-01-01,11:26,155.0,80,AV SIEMPRE VIVA,R03,PAGADA,75.0,71.0,,,0.0,False
3566,UM 96 201,2020-03-21,11:26,68.0,60,RUTA 9,R02,APELADA,8.0,5.0,,,0.0,False
3569,BHRP 770,1932-01-01,20:30,109.0,60,AV SIEMPRE VIVA,R01,ERROR,49.0,46.0,,,0.0,False
3571,UW3932,2020-01-11,16:05,88.0,80,AV SIEMPRE VIVA,R02,ERROR,8.0,4.0,,,0.0,False
3572,AWS 167,2021-08-09,20:31,149.0,80,AV LIBERTADOR,R03,PAGADA,69.0,65.0,,,0.0,False
3573,GE 1466,1932-01-01,16:05,56.0,40,AV LIBERTADOR,R01,ERROR,16.0,14.0,,,0.0,False
3584,M PX 9357,1932-01-01,10:28,87.0,40,RUTA 9,R01,IMPAGA,47.0,45.0,,,0.0,False
3586,M PX 9357,2021-01-30,11:27,120.0,40,AV LIBERTADOR,R01,ERROR,80.0,78.0,,,0.0,False
3587,GOOGLE,2021-06-08,20:31,64.0,60,AV LIBERTADOR,,PAGADA,4.0,1.0,,,0.0,False
3590,M PX 9357,2021-06-19,11:27,99.0,80,AV SIEMPRE VIVA,R03,ERROR,19.0,15.0,,,0.0,False
3591,CD 056 01,2020-02-09,20:31,122.0,60,RUTA 9,R03,ERROR,62.0,59.0,,,0.0,False
3596,41 RS TZ,2021-06-22,16:07,126.0,60,RUTA 9,R03,ERROR,66.0,63.0,,,0.0,False
3599,W326 AVE,2020-09-26,16:07,131.0,80,AV SIEMPRE VIVA,R03,ERROR,51.0,47.0,,,0.0,False
3600,HF 58 HXP,1932-01-01,16:07,129.0,80,RUTA 9,,APELADA,49.0,45.0,,,0.0,False
3603,99 998 68,2020-03-22,00:00,156.0,80,AV LIBERTADOR,,APELADA,76.0,72.0,,,0.0,False
3604,6EVY261,1932-01-01,20:32,67.0,40,AV LIBERTADOR,R03,ERROR,27.0,25.0,,,0.0,False
3605,WU 341 A,1932-01-01,16:08,139.0,80,AV LIBERTADOR,R01,IMPAGA,59.0,55.0,,,0.0,False
3608,WE FLYN,1932-01-01,16:08,147.0,80,AV SIEMPRE VIVA,,ERROR,67.0,63.0,,,0.0,False
3610,GE 1466,2022-03-20,20:32,61.0,40,AV LIBERTADOR,R01,PAGADA,21.0,19.0,,,0.0,False
3614,BP717,2022-02-17,10:29,106.0,40,AV SIEMPRE VIVA,R01,PAGADA,66.0,64.0,,,0.0,False
3615,81-ZF-JD,2021-02-28,10:29,85.0,60,AV LIBERTADOR,,ERROR,25.0,22.0,,,0.0,False
3616,T0Y DR,2022-06-15,20:32,91.0,80,AV SIEMPRE VIVA,R03,ERROR,11.0,7.0,,,0.0,False
3617,NTHG LFT,2022-08-13,16:08,103.0,80,AV SIEMPRE VIVA,R03,APELADA,23.0,19.0,,,0.0,False
3620,8B90638,1932-01-01,00:00,55.0,40,RUTA 9,R02,IMPAGA,15.0,13.0,,,0.0,False
3629,UM 96 201,2020-07-03,11:28,92.0,80,AV SIEMPRE VIVA,R02,PAGADA,12.0,8.0,,,0.0,False
3632,DK 414 N,2023-09-24,10:30,73.0,60,AV SIEMPRE VIVA,,PAGADA,13.0,10.0,,,0.0,False
3634,WU 341 A,2022-04-29,00:00,67.0,60,AV LIBERTADOR,R03,ERROR,7.0,4.0,,,0.0,False
3637,VTII AHV,2022-07-13,00:00,131.0,80,AV LIBERTADOR,R01,ERROR,51.0,47.0,,,0.0,False
3642,W326 AVE,2021-07-18,16:10,90.0,60,AV LIBERTADOR,,PAGADA,30.0,27.0,,,0.0,False
3643,CT5 B876,2020-09-06,10:30,122.0,60,RUTA 9,R02,APELADA,62.0,59.0,,,0.0,False
3647,990 XYK,2020-03-05,20:34,112.0,60,AV LIBERTADOR,R03,IMPAGA,52.0,49.0,,,0.0,False
3648,WE FLYN,2020-10-04,20:34,45.0,40,AV LIBERTADOR,R03,IMPAGA,5.0,3.0,,,0.0,False
3649,MX60 NZA,1932-01-01,10:30,118.0,60,RUTA 9,R02,IMPAGA,58.0,55.0,,,0.0,False
3654,W326 AVE,1932-01-01,00:00,73.0,40,AV SIEMPRE VIVA,R01,PAGADA,33.0,31.0,,,0.0,False
3655,NTHG LFT,2020-03-28,11:28,121.0,60,RUTA 9,,PAGADA,61.0,58.0,,,0.0,False
3657,BM -351,2023-07-16,10:31,67.0,60,AV SIEMPRE VIVA,R01,ERROR,7.0,4.0,,,0.0,False
3658,CD 056 01,1932-01-01,10:31,146.0,80,AV SIEMPRE VIVA,R01,APELADA,66.0,62.0,,,0.0,False
3659,6NCE831,2021-02-24,20:34,82.0,40,RUTA 9,R01,APELADA,42.0,40.0,,,0.0,False
3660,HF 58 HXP,2023-06-14,00:00,58.0,40,RUTA 9,R01,IMPAGA,18.0,16.0,,,0.0,False
3661,VNK296 GP,2022-05-13,10:31,104.0,60,AV LIBERTADOR,R03,ERROR,44.0,41.0,,,0.0,False
3664,UM 96 201,1932-01-01,11:29,124.0,80,AV LIBERTADOR,,PAGADA,44.0,40.0,,,0.0,False
3666,W326 AVE,2020-08-28,16:11,117.0,40,AV SIEMPRE VIVA,R03,APELADA,77.0,75.0,,,0.0,False
3668,UM 96 201,2020-09-20,20:34,140.0,60,RUTA 9,,APELADA,80.0,77.0,,,0.0,False
3669,WE FLYN,2021-07-27,16:11,74.0,40,RUTA 9,,IMPAGA,34.0,32.0,,,0.0,False
3670,OUTSTDN,1932-01-01,20:35,158.0,80,AV LIBERTADOR,R01,ERROR,78.0,74.0,,,0.0,False
3672,RFH 373,2023-01-29,11:29,94.0,60,AV SIEMPRE VIVA,,ERROR,34.0,31.0,,,0.0,False
3674,B 81 JKY,1932-01-01,11:29,153.0,80,RUTA 9,,IMPAGA,73.0,69.0,,,0.0,False
3676,HF 3461,2021-10-21,10:31,126.0,80,AV SIEMPRE VIVA,,APELADA,46.0,42.0,,,0.0,False
3677,CD 056 01,1932-01-01,10:32,84.0,60,AV LIBERTADOR,R03,APELADA,24.0,21.0,,,0.0,False
3679,HK 06 YMX,2023-10-25,16:12,108.0,40,AV LIBERTADOR,R02,PAGADA,68.0,66.0,,,0.0,False
3683,HK 06 YMX,2020-09-08,10:32,65.0,60,AV LIBERTADOR,R01,PAGADA,5.0,2.0,,,0.0,False
3685,GN64 OTP,2020-10-27,10:32,94.0,80,AV LIBERTADOR,R01,PAGADA,14.0,10.0,,,0.0,False
3694,WU08 YWC,2023-05-20,00:00,91.0,40,AV SIEMPRE VIVA,R01,APELADA,51.0,49.0,,,0.0,False
3695,DI2 LOT,2023-01-25,16:13,106.0,40,AV LIBERTADOR,R03,PAGADA,66.0,64.0,,,0.0,False
3703,HK 06 YMX,1932-01-01,11:30,156.0,80,AV LIBERTADOR,R02,APELADA,76.0,72.0,,,0.0,False
3707,X IIUME,1932-01-01,20:36,140.0,60,AV LIBERTADOR,R01,IMPAGA,80.0,77.0,,,0.0,False
3710,99 998 68,1932-01-01,16:14,76.0,40,AV SIEMPRE VIVA,,IMPAGA,36.0,34.0,,,0.0,False
3713,M20 CPR,1932-01-01,10:33,124.0,80,AV SIEMPRE VIVA,R03,PAGADA,44.0,40.0,,,0.0,False
3717,N HZ 1002,2024-01-01,10:33,95.0,60,RUTA 9,R01,IMPAGA,35.0,32.0,,,0.0,False
3719,BM -351,2023-12-24,11:30,92.0,80,AV LIBERTADOR,R03,APELADA,12.0,8.0,,,0.0,False
3723,WU 341 A,2022-08-04,20:36,153.0,80,AV SIEMPRE VIVA,,APELADA,73.0,69.0,,,0.0,False
3724,W326 AVE,2024-01-23,20:37,118.0,80,AV LIBERTADOR,R01,APELADA,38.0,34.0,,,0.0,False
3728,3646 HBH,1932-01-01,10:33,138.0,60,AV LIBERTADOR,R01,APELADA,78.0,75.0,,,0.0,False
3730,J1S1,2023-04-26,20:37,126.0,80,RUTA 9,R01,PAGADA,46.0,42.0,,,0.0,False
3734,UM 96 201,2024-02-07,20:37,95.0,80,RUTA 9,R01,APELADA,15.0,11.0,,,0.0,False
3743,INTIGR8,1932-01-01,16:15,131.0,80,AV SIEMPRE VIVA,,APELADA,51.0,47.0,,,0.0,False
3744,GCP332,2024-02-04,10:34,83.0,60,RUTA 9,,ERROR,23.0,20.0,,,0.0,False
3745,VNK296 GP,2021-10-29,10:34,79.0,40,RUTA 9,,IMPAGA,39.0,37.0,,,0.0,False
3746,GCP332,2020-07-17,20:38,110.0,80,AV LIBERTADOR,R03,APELADA,30.0,26.0,,,0.0,False
3747,NTHG LFT,2023-12-07,11:31,57.0,40,RUTA 9,,APELADA,17.0,15.0,,,0.0,False
3748,J1S1,1932-01-01,00:00,80.0,60,AV LIBERTADOR,R01,IMPAGA,20.0,17.0,,,0.0,False
3752,J1S1,2020-11-12,16:15,47.0,40,RUTA 9,R03,ERROR,7.0,5.0,,,0.0,False
3755,HAMSTUR,1932-01-01,00:00,106.0,40,AV LIBERTADOR,,ERROR,66.0,64.0,,,0.0,False
3756,CBM UK,2022-08-01,20:39,132.0,80,RUTA 9,R02,APELADA,52.0,48.0,,,0.0,False
3757,GCP332,2023-03-09,11:32,88.0,40,RUTA 9,,ERROR,48.0,46.0,,,0.0,False
3758,VNK296 GP,1932-01-01,10:34,49.0,40,RUTA 9,R03,PAGADA,9.0,7.0,,,0.0,False
3764,DI2 LOT,1932-01-01,00:00,80.0,40,RUTA 9,,APELADA,40.0,38.0,,,0.0,False
3765,81-ZF-JD,1932-01-01,16:15,129.0,60,AV LIBERTADOR,R02,ERROR,69.0,66.0,,,0.0,False
3767,BM -351,2023-03-10,10:35,120.0,60,AV LIBERTADOR,R03,PAGADA,60.0,57.0,,,0.0,False
3768,VNK296 GP,2020-07-27,00:00,137.0,80,RUTA 9,R03,APELADA,57.0,53.0,,,0.0,False
3770,TL03 GOG,1932-01-01,20:40,88.0,80,AV LIBERTADOR,R01,APELADA,8.0,4.0,,,0.0,False
3773,HF 3461,1932-01-01,20:40,76.0,40,AV LIBERTADOR,,IMPAGA,36.0,34.0,,,0.0,False
3776,VNK296 GP,1932-01-01,20:40,85.0,80,AV LIBERTADOR,R03,IMPAGA,5.0,1.0,,,0.0,False
3780,HAMSTUR,2021-05-04,20:41,87.0,80,AV SIEMPRE VIVA,,ERROR,7.0,3.0,,,0.0,False
3782,WU08 YWC,2022-03-29,20:41,128.0,80,AV SIEMPRE VIVA,R01,PAGADA,48.0,44.0,,,0.0,False
3783,BB 8986,1932-01-01,16:16,64.0,60,AV SIEMPRE VIVA,R01,PAGADA,4.0,1.0,,,0.0,False
3785,GOOGLE,2021-07-24,16:16,55.0,40,AV LIBERTADOR,R02,APELADA,15.0,13.0,,,0.0,False
3788,HF 3461,2021-07-16,16:16,98.0,80,RUTA 9,R02,ERROR,18.0,14.0,,,0.0,False
3789,N HZ 1002,1932-01-01,11:32,43.0,40,AV LIBERTADOR,R02,PAGADA,3.0,1.0,,,0.0,False
3792,M43 1ZW,2023-05-10,20:41,143.0,80,RUTA 9,R01,APELADA,63.0,59.0,,,0.0,False
3795,DK 414 N,1932-01-01,20:42,90.0,80,AV LIBERTADOR,R01,PAGADA,10.0,6.0,,,0.0,False
3796,CD 056 01,2022-10-25,16:16,116.0,40,RUTA 9,R03,ERROR,76.0,74.0,,,0.0,False
3798,HF 3461,2023-12-10,11:32,79.0,40,AV SIEMPRE VIVA,R02,PAGADA,39.0,37.0,,,0.0,False
3799,N HZ 1002,2022-10-30,11:33,97.0,40,AV SIEMPRE VIVA,R02,ERROR,57.0,55.0,,,0.0,False
3807,691 XC 80,1932-01-01,16:17,128.0,80,AV LIBERTADOR,R01,PAGADA,48.0,44.0,,,0.0,False
3808,M43 1ZW,2022-09-16,10:36,76.0,40,AV LIBERTADOR,R03,APELADA,36.0,34.0,,,0.0,False
3809,UW3932,2020-06-10,11:33,121.0,60,AV SIEMPRE VIVA,R02,IMPAGA,61.0,58.0,,,0.0,False
3810,UW3932,2024-02-05,20:42,132.0,60,AV SIEMPRE VIVA,R02,ERROR,72.0,69.0,,,0.0,False
3817,X IIUME,2021-08-27,11:34,129.0,80,AV LIBERTADOR,,APELADA,49.0,45.0,,,0.0,False
3822,BM -351,1932-01-01,00:00,81.0,60,AV LIBERTADOR,R02,ERROR,21.0,18.0,,,0.0,False
3824,WU08 YWC,2022-09-04,16:18,100.0,40,AV LIBERTADOR,R01,APELADA,60.0,58.0,,,0.0,False
3825,990 XYK,1932-01-01,20:43,141.0,80,AV SIEMPRE VIVA,R01,IMPAGA,61.0,57.0,,,0.0,False
3827,M43 1ZW,2023-03-10,16:18,58.0,40,RUTA 9,R03,IMPAGA,18.0,16.0,,,0.0,False
3829,29 999 61,2020-08-01,00:00,109.0,80,AV SIEMPRE VIVA,R02,IMPAGA,29.0,25.0,,,0.0,False
3831,T0Y DR,1932-01-01,10:37,109.0,40,AV LIBERTADOR,R01,PAGADA,69.0,67.0,,,0.0,False
3833,HF 3461,2023-03-03,16:18,97.0,40,AV SIEMPRE VIVA,,PAGADA,57.0,55.0,,,0.0,False
3838,6EVY261,2021-12-01,20:43,98.0,60,AV SIEMPRE VIVA,R03,APELADA,38.0,35.0,,,0.0,False
3840,GOOGLE,2023-05-21,16:19,94.0,80,AV LIBERTADOR,R02,ERROR,14.0,10.0,,,0.0,False
3844,691 XC 80,2023-11-12,11:35,111.0,40,AV SIEMPRE VIVA,R02,APELADA,71.0,69.0,,,0.0,False
3846,BP717,2022-07-17,16:19,94.0,40,AV LIBERTADOR,,ERROR,54.0,52.0,,,0.0,False
3847,AWS 167,1932-01-01,16:19,155.0,80,AV LIBERTADOR,,IMPAGA,75.0,71.0,,,0.0,False
3851,X IIUME,2020-08-28,16:19,121.0,80,AV LIBERTADOR,,APELADA,41.0,37.0,,,0.0,False
3853,BP717,2021-07-26,11:35,105.0,80,AV LIBERTADOR,R02,PAGADA,25.0,21.0,,,0.0,False
3854,GOOGLE,2022-08-09,16:20,53.0,40,AV SIEMPRE VIVA,R01,ERROR,13.0,11.0,,,0.0,False
3855,990 XYK,1932-01-01,10:37,131.0,80,AV SIEMPRE VIVA,R03,PAGADA,51.0,47.0,,,0.0,False
3857,6EVY261,2020-12-06,00:00,146.0,80,AV SIEMPRE VIVA,,APELADA,66.0,62.0,,,0.0,False
3860,3646 HBH,1932-01-01,11:36,112.0,80,RUTA 9,R01,PAGADA,32.0,28.0,,,0.0,False
3861,81-ZF-JD,2020-10-07,20:44,150.0,80,AV LIBERTADOR,R01,IMPAGA,70.0,66.0,,,0.0,False
3863,6EVY261,2022-12-31,10:38,71.0,40,AV LIBERTADOR,R02,PAGADA,31.0,29.0,,,0.0,False
3864,WU08 YWC,2021-05-07,20:44,112.0,60,RUTA 9,R01,IMPAGA,52.0,49.0,,,0.0,False
3866,WU08 YWC,1932-01-01,16:20,94.0,60,AV SIEMPRE VIVA,R03,APELADA,34.0,31.0,,,0.0,False
3868,W326 AVE,2023-04-12,11:36,139.0,60,RUTA 9,,IMPAGA,79.0,76.0,,,0.0,False
3870,3646 HBH,2023-02-13,10:38,47.0,40,RUTA 9,R03,ERROR,7.0,5.0,,,0.0,False
3874,TL03 GOG,2021-04-24,11:37,108.0,40,AV SIEMPRE VIVA,R01,APELADA,68.0,66.0,,,0.0,False
3876,NTHG LFT,2021-11-28,10:38,97.0,80,AV SIEMPRE VIVA,R02,APELADA,17.0,13.0,,,0.0,False
3878,HF 3461,2021-12-26,11:37,151.0,80,AV SIEMPRE VIVA,,APELADA,71.0,67.0,,,0.0,False
3879,6EVY261,2021-05-23,10:38,132.0,80,AV LIBERTADOR,,APELADA,52.0,48.0,,,0.0,False
3891,J1S1,1932-01-01,20:46,87.0,60,AV LIBERTADOR,R03,ERROR,27.0,24.0,,,0.0,False
3899,WE FLYN,2020-11-04,10:39,92.0,80,AV SIEMPRE VIVA,R01,APELADA,12.0,8.0,,,0.0,False
3900,691 XC 80,2023-12-30,10:39,75.0,40,RUTA 9,R03,IMPAGA,35.0,33.0,,,0.0,False
3901,990 XYK,2023-07-06,00:00,95.0,80,AV SIEMPRE VIVA,R03,ERROR,15.0,11.0,,,0.0,False
3902,WE FLYN,1932-01-01,10:39,120.0,80,RUTA 9,R01,ERROR,40.0,36.0,,,0.0,False
3905,57 777 70,1932-01-01,00:00,108.0,80,RUTA 9,R02,PAGADA,28.0,24.0,,,0.0,False
3907,41 RS TZ,2020-10-09,20:46,85.0,80,AV LIBERTADOR,R03,PAGADA,5.0,1.0,,,0.0,False
3909,WU 341 A,2022-03-25,11:38,124.0,80,RUTA 9,R01,IMPAGA,44.0,40.0,,,0.0,False
3911,TL03 GOG,2024-02-07,20:47,158.0,80,AV LIBERTADOR,R01,PAGADA,78.0,74.0,,,0.0,False
3913,VNK296 GP,2022-09-24,16:22,135.0,80,RUTA 9,R03,APELADA,55.0,51.0,,,0.0,False
3914,8B90638,2022-06-21,00:00,50.0,40,AV SIEMPRE VIVA,R03,APELADA,10.0,8.0,,,0.0,False
3915,M20 CPR,1932-01-01,10:40,104.0,40,AV SIEMPRE VIVA,R01,PAGADA,64.0,62.0,,,0.0,False
3916,M20 CPR,2021-11-15,00:00,109.0,80,AV LIBERTADOR,R01,PAGADA,29.0,25.0,,,0.0,False
3919,DK 414 N,2023-04-15,10:40,121.0,60,AV SIEMPRE VIVA,R01,IMPAGA,61.0,58.0,,,0.0,False
3926,M VU 4688,2022-06-21,20:47,130.0,60,AV LIBERTADOR,R01,PAGADA,70.0,67.0,,,0.0,False
3928,41 RS TZ,1932-01-01,16:22,61.0,40,AV LIBERTADOR,R03,PAGADA,21.0,19.0,,,0.0,False
3929,FVIO UHP,2022-01-19,11:39,141.0,80,AV SIEMPRE VIVA,,APELADA,61.0,57.0,,,0.0,False
3933,BP717,2021-05-22,11:39,80.0,40,RUTA 9,,PAGADA,40.0,38.0,,,0.0,False
3938,691 XC 80,2021-05-05,10:41,64.0,40,AV LIBERTADOR,R03,IMPAGA,24.0,22.0,,,0.0,False
3939,RFH 373,2020-05-01,20:47,143.0,80,AV LIBERTADOR,R03,IMPAGA,63.0,59.0,,,0.0,False
3942,T0Y DR,1932-01-01,11:40,110.0,40,AV SIEMPRE VIVA,R01,ERROR,70.0,68.0,,,0.0,False
3944,CD 056 01,1932-01-01,16:23,47.0,40,RUTA 9,,PAGADA,7.0,5.0,,,0.0,False
3945,6NCE831,1932-01-01,10:41,95.0,60,RUTA 9,,ERROR,35.0,32.0,,,0.0,False
3946,691 XC 80,2023-09-12,11:40,45.0,40,AV SIEMPRE VIVA,R02,ERROR,5.0,3.0,,,0.0,False
3950,X IIUME,2022-03-17,00:00,74.0,40,AV SIEMPRE VIVA,R01,IMPAGA,34.0,32.0,,,0.0,False
3952,YLO8 WUE,2021-08-06,16:23,102.0,80,AV SIEMPRE VIVA,,ERROR,22.0,18.0,,,0.0,False
3953,HAMSTUR,2022-04-30,10:41,44.0,40,RUTA 9,R03,ERROR,4.0,2.0,,,0.0,False
3954,PIW 4215,2021-07-31,10:41,130.0,60,AV SIEMPRE VIVA,R01,IMPAGA,70.0,67.0,,,0.0,False
3956,81-ZF-JD,2020-10-30,11:41,118.0,80,AV LIBERTADOR,R01,APELADA,38.0,34.0,,,0.0,False
3957,CBM UK,2021-10-03,16:24,142.0,80,RUTA 9,R01,ERROR,62.0,58.0,,,0.0,False
3960,M PX 9357,2020-09-17,11:41,124.0,60,AV LIBERTADOR,R03,APELADA,64.0,61.0,,,0.0,False
3961,M VU 4688,2023-10-28,20:48,108.0,60,AV SIEMPRE VIVA,R01,ERROR,48.0,45.0,,,0.0,False
3964,BX 55 DOG,2023-10-30,11:41,146.0,80,RUTA 9,R03,ERROR,66.0,62.0,,,0.0,False
3966,FD 1475,2023-04-22,10:42,131.0,80,RUTA 9,R02,APELADA,51.0,47.0,,,0.0,False
3967,MX60 NZA,2022-06-22,16:24,123.0,80,AV LIBERTADOR,R01,PAGADA,43.0,39.0,,,0.0,False
3968,BB 8986,2021-12-21,11:41,91.0,40,AV SIEMPRE VIVA,R01,IMPAGA,51.0,49.0,,,0.0,False
3970,TL03 GOG,2024-01-14,10:42,80.0,40,AV LIBERTADOR,R02,ERROR,40.0,38.0,,,0.0,False
3971,DK 414 N,2020-07-28,10:42,119.0,80,AV LIBERTADOR,R03,APELADA,39.0,35.0,,,0.0,False
3973,589222,2020-08-24,20:48,98.0,80,AV SIEMPRE VIVA,R01,ERROR,18.0,14.0,,,0.0,False
3974,WU08 YWC,2022-08-31,00:00,77.0,60,AV LIBERTADOR,,IMPAGA,17.0,14.0,,,0.0,False
3977,HF 58 HXP,2020-04-06,11:42,154.0,80,RUTA 9,,ERROR,74.0,70.0,,,0.0,False
3979,M20 CPR,2020-03-13,16:25,118.0,60,AV LIBERTADOR,R02,ERROR,58.0,55.0,,,0.0,False
3984,AWS 167,2020-05-03,11:42,125.0,60,AV LIBERTADOR,,ERROR,65.0,62.0,,,0.0,False
3986,57 777 70,2021-02-01,11:42,48.0,40,AV LIBERTADOR,,PAGADA,8.0,6.0,,,0.0,False
3990,M20 CPR,2022-02-05,10:42,92.0,40,AV SIEMPRE VIVA,R01,IMPAGA,52.0,50.0,,,0.0,False
3994,M20 CPR,1932-01-01,00:00,64.0,60,AV SIEMPRE VIVA,R01,IMPAGA,4.0,1.0,,,0.0,False
